,symbol,date,rating_Score,dcf,roe,roa,de,pe,pb
2668,WMT,2010-02-01,4,4,3,3,4,5,5
2667,WMT,2010-02-02,4,4,3,3,4,5,5
2666,WMT,2010-02-03,4,4,3,3,4,5,5
2665,WMT,2010-02-04,4,4,3,3,4,5,5
2664,WMT,2010-02-05,4,4,3,3,4,5,5
2663,WMT,2010-02-08,4,4,3,3,4,5,5
2662,WMT,2010-02-09,4,4,3,3,4,5,5
2661,WMT,2010-02-10,4,4,3,3,4,5,5
2660,WMT,2010-02-11,4,4,3,3,4,5,5
2659,WMT,2010-02-12,4,4,3,3,4,5,5
2658,WMT,2010-02-16,4,4,3,3,4,5,5
2657,WMT,2010-02-17,4,4,3,3,4,5,5
2656,WMT,2010-02-18,4,4,3,3,4,5,5
2655,WMT,2010-02-19,4,4,3,3,4,5,5
2654,WMT,2010-02-22,4,4,3,3,4,5,5
2653,WMT,2010-02-23,4,4,3,3,4,5,5
2652,WMT,2010-02-24,4,4,3,3,4,5,5
2651,WMT,2010-02-25,4,4,3,3,4,5,5
2650,WMT,2010-02-26,4,4,3,3,4,5,5
2649,WMT,2010-03-01,4,4,3,3,4,5,5
2648,WMT,2010-03-02,4,4,3,3,4,5,5
2647,WMT,2010-03-03,4,4,3,3,4,5,5
2646,WMT,2010-03-04,4,4,3,3,4,5,5
2645,WMT,2010-03-05,4,4,3,3,4,5,5
2644,WMT,2010-03-08,4,4,3,3,4,5,5
2643,WMT,2010-03-09,4,4,3,3,4,5,5
2642,WMT,2010-03-10,4,4,3,3,4,5,5
2641,WMT,2010-03-11,4,4,3,3,4,5,5
2640,WMT,2010-03-12,4,4,3,3,4,5,5
2639,WMT,2010-03-15,4,4,3,3,4,5,5
2638,WMT,2010-03-16,4,4,3,3,4,5,5
2637,WMT,2010-03-17,4,4,3,3,4,5,5
2636,WMT,2010-03-18,4,4,3,3,4,5,5
2635,WMT,2010-03-19,4,4,3,3,4,5,5
2634,WMT,2010-03-22,4,4,3,3,4,5,5
2633,WMT,2010-03-23,4,4,3,3,4,5,5
2632,WMT,2010-03-24,4,4,3,3,4,5,5
2631,WMT,2010-03-25,4,4,3,3,4,5,5
2630,WMT,2010-03-26,4,4,3,3,4,5,5
2629,WMT,2010-03-29,4,4,3,3,4,5,5
2628,WMT,2010-03-30,4,4,3,3,4,5,5
2627,WMT,2010-03-31,4,4,3,3,4,5,5
2626,WMT,2010-04-01,4,4,3,3,4,5,5
2625,WMT,2010-04-05,4,4,3,3,4,5,5
2624,WMT,2010-04-06,4,4,3,3,4,5,5
2623,WMT,2010-04-07,4,4,3,3,4,5,5
2622,WMT,2010-04-08,4,4,3,3,4,5,5
2621,WMT,2010-04-09,4,4,3,3,4,5,5
2620,WMT,2010-04-12,4,4,3,3,4,5,5
2619,WMT,2010-04-13,4,4,3,3,4,5,5
2618,WMT,2010-04-14,4,4,3,3,4,5,5
2617,WMT,2010-04-15,4,4,3,3,4,5,5
2616,WMT,2010-04-16,4,4,3,3,4,5,5
2615,WMT,2010-04-19,4,4,3,3,4,5,5
2614,WMT,2010-04-20,4,4,3,3,4,5,5
2613,WMT,2010-04-21,4,4,3,3,4,5,5
2612,WMT,2010-04-22,4,4,3,3,4,5,5
2611,WMT,2010-04-23,4,4,3,3,4,5,5
2610,WMT,2010-04-26,4,4,3,3,4,5,5
2609,WMT,2010-04-27,4,4,3,3,4,5,5
2608,WMT,2010-04-28,4,4,3,3,4,5,5
2607,WMT,2010-04-29,4,4,3,3,4,5,5
2606,WMT,2010-04-30,4,4,3,3,4,5,5
2605,WMT,2010-05-03,4,4,3,3,4,5,5
2604,WMT,2010-05-04,4,4,3,3,4,5,5
2603,WMT,2010-05-05,4,4,3,3,4,5,5
2602,WMT,2010-05-06,4,4,3,3,4,5,5
2601,WMT,2010-05-07,4,4,3,3,4,5,5
2600,WMT,2010-05-10,4,4,3,3,4,5,5
2599,WMT,2010-05-11,4,4,3,3,4,5,5
2598,WMT,2010-05-12,4,4,3,3,4,5,5
2597,WMT,2010-05-13,4,4,3,3,4,5,5
2596,WMT,2010-05-14,4,4,3,3,4,5,5
2595,WMT,2010-05-17,4,4,3,3,4,5,5
2594,WMT,2010-05-18,4,4,3,3,4,5,5
2593,WMT,2010-05-19,4,4,3,3,4,5,5
2592,WMT,2010-05-20,4,4,3,3,4,5,5
2591,WMT,2010-05-21,4,4,3,3,4,5,5
2590,WMT,2010-05-24,4,4,3,3,4,5,5
2589,WMT,2010-05-25,4,4,3,3,4,5,5
2588,WMT,2010-05-26,4,4,3,3,4,5,5
2587,WMT,2010-05-27,4,4,3,3,4,5,5
2586,WMT,2010-05-28,4,4,3,3,4,5,5
2585,WMT,2010-06-01,4,4,3,3,4,5,5
2584,WMT,2010-06-02,4,4,3,3,4,5,5
2583,WMT,2010-06-03,4,4,3,3,4,5,5
2582,WMT,2010-06-04,4,4,3,3,4,5,5
2581,WMT,2010-06-07,4,4,3,3,4,5,5
2580,WMT,2010-06-08,4,4,3,3,4,5,5
2579,WMT,2010-06-09,4,4,3,3,4,5,5
2578,WMT,2010-06-10,4,4,3,3,4,5,5
2577,WMT,2010-06-11,4,4,3,3,4,5,5
2576,WMT,2010-06-14,4,4,3,3,4,5,5
2575,WMT,2010-06-15,4,4,3,3,4,5,5
2574,WMT,2010-06-16,4,4,3,3,4,5,5
2573,WMT,2010-06-17,4,4,3,3,4,5,5
2572,WMT,2010-06-18,4,4,3,3,4,5,5
2571,WMT,2010-06-21,4,4,3,3,4,5,5
2570,WMT,2010-06-22,4,4,3,3,4,5,5
2569,WMT,2010-06-23,4,4,3,3,4,5,5
2568,WMT,2010-06-24,4,4,3,3,4,5,5
2567,WMT,2010-06-25,4,4,3,3,4,5,5
2566,WMT,2010-06-28,4,4,3,3,4,5,5
2565,WMT,2010-06-29,4,4,3,3,4,5,5
2564,WMT,2010-06-30,4,4,3,3,4,5,5
2563,WMT,2010-07-01,4,4,3,3,4,5,5
2562,WMT,2010-07-02,4,4,3,3,4,5,5
2561,WMT,2010-07-06,4,4,3,3,4,5,5
2560,WMT,2010-07-07,4,4,3,3,4,5,5
2559,WMT,2010-07-08,4,4,3,3,4,5,5
2558,WMT,2010-07-09,4,4,3,3,4,5,5
2557,WMT,2010-07-12,4,4,3,3,4,5,5
2556,WMT,2010-07-13,4,4,3,3,4,5,5
2555,WMT,2010-07-14,4,4,3,3,4,5,5
2554,WMT,2010-07-15,4,4,3,3,4,5,5
2553,WMT,2010-07-16,4,4,3,3,4,5,5
2552,WMT,2010-07-19,4,4,3,3,4,5,5
2551,WMT,2010-07-20,4,4,3,3,4,5,5
2550,WMT,2010-07-21,4,4,3,3,4,5,5
2549,WMT,2010-07-22,4,4,3,3,4,5,5
2548,WMT,2010-07-23,4,4,3,3,4,5,5
2547,WMT,2010-07-26,4,4,3,3,4,5,5
2546,WMT,2010-07-27,4,4,3,3,4,5,5
2545,WMT,2010-07-28,4,4,3,3,4,5,5
2544,WMT,2010-07-29,4,4,3,3,4,5,5
2543,WMT,2010-07-30,4,4,3,3,4,5,5
2542,WMT,2010-08-02,4,4,3,3,4,5,5
2541,WMT,2010-08-03,4,4,3,3,4,5,5
2540,WMT,2010-08-04,4,4,3,3,4,5,5
2539,WMT,2010-08-05,4,4,3,3,4,5,5
2538,WMT,2010-08-06,4,4,3,3,4,5,5
2537,WMT,2010-08-09,4,4,3,3,4,5,5
2536,WMT,2010-08-10,4,4,3,3,4,5,5
2535,WMT,2010-08-11,4,4,3,3,4,5,5
2534,WMT,2010-08-12,4,4,3,3,4,5,5
2533,WMT,2010-08-13,4,4,3,3,4,5,5
2532,WMT,2010-08-16,4,4,3,3,4,5,5
2531,WMT,2010-08-17,4,4,3,3,4,5,5
2530,WMT,2010-08-18,4,4,3,3,4,5,5
2529,WMT,2010-08-19,4,4,3,3,4,5,5
2528,WMT,2010-08-20,4,4,3,3,4,5,5
2527,WMT,2010-08-23,4,4,3,3,4,5,5
2526,WMT,2010-08-24,4,4,3,3,4,5,5
2525,WMT,2010-08-25,4,4,3,3,4,5,5
2524,WMT,2010-08-26,4,4,3,3,4,5,5
2523,WMT,2010-08-27,4,4,3,3,4,5,5
2522,WMT,2010-08-30,4,4,3,3,4,5,5
2521,WMT,2010-08-31,4,4,3,3,4,5,5
2520,WMT,2010-09-01,4,4,3,3,4,5,5
2519,WMT,2010-09-02,4,4,3,3,4,5,5
2518,WMT,2010-09-03,4,4,3,3,4,5,5
2517,WMT,2010-09-07,4,4,3,3,4,5,5
2516,WMT,2010-09-08,4,4,3,3,4,5,5
2515,WMT,2010-09-09,4,4,3,3,4,5,5
2514,WMT,2010-09-10,4,4,3,3,4,5,5
2513,WMT,2010-09-13,4,4,3,3,4,5,5
2512,WMT,2010-09-14,4,4,3,3,4,5,5
2511,WMT,2010-09-15,4,4,3,3,4,5,5
2510,WMT,2010-09-16,4,4,3,3,4,5,5
2509,WMT,2010-09-17,4,4,3,3,4,5,5
2508,WMT,2010-09-20,4,4,3,3,4,5,5
2507,WMT,2010-09-21,4,4,3,3,4,5,5
2506,WMT,2010-09-22,4,4,3,3,4,5,5
2505,WMT,2010-09-23,4,4,3,3,4,5,5
2504,WMT,2010-09-24,4,4,3,3,4,5,5
2503,WMT,2010-09-27,4,4,3,3,4,5,5
2502,WMT,2010-09-28,4,4,3,3,4,5,5
2501,WMT,2010-09-29,4,4,3,3,4,5,5
2500,WMT,2010-09-30,4,4,3,3,4,5,5
2499,WMT,2010-10-01,4,4,3,3,4,5,5
2498,WMT,2010-10-04,4,4,3,3,4,5,5
2497,WMT,2010-10-05,4,4,3,3,4,5,5
2496,WMT,2010-10-06,4,4,3,3,4,5,5
2495,WMT,2010-10-07,4,4,3,3,4,5,5
2494,WMT,2010-10-08,4,4,3,3,4,5,5
2493,WMT,2010-10-11,4,4,3,3,4,5,5
2492,WMT,2010-10-12,4,4,3,3,4,5,5
2491,WMT,2010-10-13,4,4,3,3,4,5,5
2490,WMT,2010-10-14,4,4,3,3,4,5,5
2489,WMT,2010-10-15,4,4,3,3,4,5,5
2488,WMT,2010-10-18,4,4,3,3,4,5,5
2487,WMT,2010-10-19,4,4,3,3,4,5,5
2486,WMT,2010-10-20,4,4,3,3,4,5,5
2485,WMT,2010-10-21,4,4,3,3,4,5,5
2484,WMT,2010-10-22,4,4,3,3,4,5,5
2483,WMT,2010-10-25,4,4,3,3,4,5,5
2482,WMT,2010-10-26,4,4,3,3,4,5,5
2481,WMT,2010-10-27,4,4,3,3,4,5,5
2480,WMT,2010-10-28,4,4,3,3,4,5,5
2479,WMT,2010-10-29,4,4,3,3,4,5,5
2478,WMT,2010-11-01,4,4,3,3,4,5,5
2477,WMT,2010-11-02,4,4,3,3,4,5,5
2476,WMT,2010-11-03,4,4,3,3,4,5,5
2475,WMT,2010-11-04,4,4,3,3,4,5,5
2474,WMT,2010-11-05,4,4,3,3,4,5,5
2473,WMT,2010-11-08,4,4,3,3,4,5,5
2472,WMT,2010-11-09,4,4,3,3,4,5,5
2471,WMT,2010-11-10,4,4,3,3,4,5,5
2470,WMT,2010-11-11,4,4,3,3,4,5,5
2469,WMT,2010-11-12,4,4,3,3,4,5,5
2468,WMT,2010-11-15,4,4,3,3,4,5,5
2467,WMT,2010-11-16,4,4,3,3,4,5,5
2466,WMT,2010-11-17,4,4,3,3,4,5,5
2465,WMT,2010-11-18,4,4,3,3,4,5,5
2464,WMT,2010-11-19,4,4,3,3,4,5,5
2463,WMT,2010-11-22,4,4,3,3,4,5,5
2462,WMT,2010-11-23,4,4,3,3,4,5,5
2461,WMT,2010-11-24,4,4,3,3,4,5,5
2460,WMT,2010-11-26,4,4,3,3,4,5,5
2459,WMT,2010-11-29,4,4,3,3,4,5,5
2458,WMT,2010-11-30,4,4,3,3,4,5,5
2457,WMT,2010-12-01,4,4,3,3,4,5,5
2456,WMT,2010-12-02,4,4,3,3,4,5,5
2455,WMT,2010-12-03,4,4,3,3,4,5,5
2454,WMT,2010-12-06,4,4,3,3,4,5,5
2453,WMT,2010-12-07,4,4,3,3,4,5,5
2452,WMT,2010-12-08,4,4,3,3,4,5,5
2451,WMT,2010-12-09,4,4,3,3,4,5,5
2450,WMT,2010-12-10,4,4,3,3,4,5,5
2449,WMT,2010-12-13,4,4,3,3,4,5,5
2448,WMT,2010-12-14,4,4,3,3,4,5,5
2447,WMT,2010-12-15,4,4,3,3,4,5,5
2446,WMT,2010-12-16,4,4,3,3,4,5,5
2445,WMT,2010-12-17,4,4,3,3,4,5,5
2444,WMT,2010-12-20,4,4,3,3,4,5,5
2443,WMT,2010-12-21,4,4,3,3,4,5,5
2442,WMT,2010-12-22,4,4,3,3,4,5,5
2441,WMT,2010-12-23,4,4,3,3,4,5,5
2440,WMT,2010-12-27,4,4,3,3,4,5,5
2439,WMT,2010-12-28,4,4,3,3,4,5,5
2438,WMT,2010-12-29,4,4,3,3,4,5,5
2437,WMT,2010-12-30,4,4,3,3,4,5,5
2436,WMT,2010-12-31,4,4,3,3,4,5,5
2435,WMT,2011-01-03,4,4,3,3,4,5,5
2434,WMT,2011-01-04,4,4,3,3,4,5,5
2433,WMT,2011-01-05,4,4,3,3,4,5,5
2432,WMT,2011-01-06,4,4,3,3,4,5,5
2431,WMT,2011-01-07,4,4,3,3,4,5,5
2430,WMT,2011-01-10,4,4,3,3,4,5,5
2429,WMT,2011-01-11,4,4,3,3,4,5,5
2428,WMT,2011-01-12,4,4,3,3,4,5,5
2427,WMT,2011-01-13,4,4,3,3,4,5,5
2426,WMT,2011-01-14,4,4,3,3,4,5,5
2425,WMT,2011-01-18,4,4,3,3,4,5,5
2424,WMT,2011-01-19,4,4,3,3,4,5,5
2423,WMT,2011-01-20,4,4,3,3,4,5,5
2422,WMT,2011-01-21,4,4,3,3,4,5,5
2421,WMT,2011-01-24,4,4,3,3,4,5,5
2420,WMT,2011-01-25,4,4,3,3,4,5,5
2419,WMT,2011-01-26,4,4,3,3,4,5,5
2418,WMT,2011-01-27,4,4,3,3,4,5,5
2417,WMT,2011-01-28,4,4,3,3,4,5,5
2416,WMT,2011-01-31,4,4,3,3,4,5,5
2415,WMT,2011-02-01,4,4,3,3,4,5,5
2414,WMT,2011-02-02,4,4,3,3,4,5,5
2413,WMT,2011-02-03,4,4,3,3,4,5,5
2412,WMT,2011-02-04,4,4,3,3,4,5,5
2411,WMT,2011-02-07,4,4,3,3,4,5,5
2410,WMT,2011-02-08,4,4,3,3,4,5,5
2409,WMT,2011-02-09,4,4,3,3,4,5,5
2408,WMT,2011-02-10,4,4,3,3,4,5,5
2407,WMT,2011-02-11,4,4,3,3,4,5,5
2406,WMT,2011-02-14,4,4,3,3,4,5,5
2405,WMT,2011-02-15,4,4,3,3,4,5,5
2404,WMT,2011-02-16,4,4,3,3,4,5,5
2403,WMT,2011-02-17,4,4,3,3,4,5,5
2402,WMT,2011-02-18,4,4,3,3,4,5,5
2401,WMT,2011-02-22,4,4,3,3,4,5,5
2400,WMT,2011-02-23,4,4,3,3,4,5,5
2399,WMT,2011-02-24,4,4,3,3,4,5,5
2398,WMT,2011-02-25,4,4,3,3,4,5,5
2397,WMT,2011-02-28,4,4,3,3,4,5,5
2396,WMT,2011-03-01,4,4,3,3,4,5,5
2395,WMT,2011-03-02,4,4,3,3,4,5,5
2394,WMT,2011-03-03,4,4,3,3,4,5,5
2393,WMT,2011-03-04,4,4,3,3,4,5,5
2392,WMT,2011-03-07,4,4,3,3,4,5,5
2391,WMT,2011-03-08,4,4,3,3,4,5,5
2390,WMT,2011-03-09,4,4,3,3,4,5,5
2389,WMT,2011-03-10,4,4,3,3,4,5,5
2388,WMT,2011-03-11,4,4,3,3,4,5,5
2387,WMT,2011-03-14,4,4,3,3,4,5,5
2386,WMT,2011-03-15,4,4,3,3,4,5,5
2385,WMT,2011-03-16,4,4,3,3,4,5,5
2384,WMT,2011-03-17,4,4,3,3,4,5,5
2383,WMT,2011-03-18,4,4,3,3,4,5,5
2382,WMT,2011-03-21,4,4,3,3,4,5,5
2381,WMT,2011-03-22,4,4,3,3,4,5,5
2380,WMT,2011-03-23,4,4,3,3,4,5,5
2379,WMT,2011-03-24,4,4,3,3,4,5,5
2378,WMT,2011-03-25,4,4,3,3,4,5,5
2377,WMT,2011-03-28,4,4,3,3,4,5,5
2376,WMT,2011-03-29,4,4,3,3,4,5,5
2375,WMT,2011-03-30,4,4,3,3,4,5,5
2374,WMT,2011-03-31,4,4,3,3,4,5,5
2373,WMT,2011-04-01,4,4,3,3,4,5,5
2372,WMT,2011-04-04,4,4,3,3,4,5,5
2371,WMT,2011-04-05,4,4,3,3,4,5,5
2370,WMT,2011-04-06,4,4,3,3,4,5,5
2369,WMT,2011-04-07,4,4,3,3,4,5,5
2368,WMT,2011-04-08,4,4,3,3,4,5,5
2367,WMT,2011-04-11,4,4,3,3,4,5,5
2366,WMT,2011-04-12,4,4,3,3,4,5,5
2365,WMT,2011-04-13,4,4,3,3,4,5,5
2364,WMT,2011-04-14,4,4,3,3,4,5,5
2363,WMT,2011-04-15,4,4,3,3,4,5,5
2362,WMT,2011-04-18,4,4,3,3,4,5,5
2361,WMT,2011-04-19,4,4,3,3,4,5,5
2360,WMT,2011-04-20,4,4,3,3,4,5,5
2359,WMT,2011-04-21,4,4,3,3,4,5,5
2358,WMT,2011-04-25,4,4,3,3,4,5,5
2357,WMT,2011-04-26,4,4,3,3,4,5,5
2356,WMT,2011-04-27,4,4,3,3,4,5,5
2355,WMT,2011-04-28,4,4,3,3,4,5,5
2354,WMT,2011-04-29,4,4,3,3,4,5,5
2353,WMT,2011-05-02,4,4,3,3,4,5,5
2352,WMT,2011-05-03,4,4,3,3,4,5,5
2351,WMT,2011-05-04,4,4,3,3,4,5,5
2350,WMT,2011-05-05,4,4,3,3,4,5,5
2349,WMT,2011-05-06,4,4,3,3,4,5,5
2348,WMT,2011-05-09,4,4,3,3,4,5,5
2347,WMT,2011-05-10,4,4,3,3,4,5,5
2346,WMT,2011-05-11,4,4,3,3,4,5,5
2345,WMT,2011-05-12,4,4,3,3,4,5,5
2344,WMT,2011-05-13,4,4,3,3,4,5,5
2343,WMT,2011-05-16,4,4,3,3,4,5,5
2342,WMT,2011-05-17,4,4,3,3,4,5,5
2341,WMT,2011-05-18,4,4,3,3,4,5,5
2340,WMT,2011-05-19,4,4,3,3,4,5,5
2339,WMT,2011-05-20,4,4,3,3,4,5,5
2338,WMT,2011-05-23,4,4,3,3,4,5,5
2337,WMT,2011-05-24,4,4,3,3,4,5,5
2336,WMT,2011-05-25,4,4,3,3,4,5,5
2335,WMT,2011-05-26,4,4,3,3,4,5,5
2334,WMT,2011-05-27,4,4,3,3,4,5,5
2333,WMT,2011-05-31,4,4,3,3,4,5,5
2332,WMT,2011-06-01,4,4,3,3,4,5,5
2331,WMT,2011-06-02,4,4,3,3,4,5,5
2330,WMT,2011-06-03,4,4,3,3,4,5,5
2329,WMT,2011-06-06,4,4,3,3,4,5,5
2328,WMT,2011-06-07,4,4,3,3,4,5,5
2327,WMT,2011-06-08,4,4,3,3,4,5,5
2326,WMT,2011-06-09,4,4,3,3,4,5,5
2325,WMT,2011-06-10,4,4,3,3,4,5,5
2324,WMT,2011-06-13,4,4,3,3,4,5,5
2323,WMT,2011-06-14,4,4,3,3,4,5,5
2322,WMT,2011-06-15,4,4,3,3,4,5,5
2321,WMT,2011-06-16,4,4,3,3,4,5,5
2320,WMT,2011-06-17,4,4,3,3,4,5,5
2319,WMT,2011-06-20,4,4,3,3,4,5,5
2318,WMT,2011-06-21,4,4,3,3,4,5,5
2317,WMT,2011-06-22,4,4,3,3,4,5,5
2316,WMT,2011-06-23,4,4,3,3,4,5,5
2315,WMT,2011-06-24,4,4,3,3,4,5,5
2314,WMT,2011-06-27,4,4,3,3,4,5,5
2313,WMT,2011-06-28,4,4,3,3,4,5,5
2312,WMT,2011-06-29,4,4,3,3,4,5,5
2311,WMT,2011-06-30,4,4,3,3,4,5,5
2310,WMT,2011-07-01,4,4,3,3,4,5,5
2309,WMT,2011-07-05,4,4,3,3,4,5,5
2308,WMT,2011-07-06,4,4,3,3,4,5,5
2307,WMT,2011-07-07,4,4,3,3,4,5,5
2306,WMT,2011-07-08,4,4,3,3,4,5,5
2305,WMT,2011-07-11,4,4,3,3,4,5,5
2304,WMT,2011-07-12,4,4,3,3,4,5,5
2303,WMT,2011-07-13,4,4,3,3,4,5,5
2302,WMT,2011-07-14,4,4,3,3,4,5,5
2301,WMT,2011-07-15,4,4,3,3,4,5,5
2300,WMT,2011-07-18,4,4,3,3,4,5,5
2299,WMT,2011-07-19,4,4,3,3,4,5,5
2298,WMT,2011-07-20,4,4,3,3,4,5,5
2297,WMT,2011-07-21,4,4,3,3,4,5,5
2296,WMT,2011-07-22,4,4,3,3,4,5,5
2295,WMT,2011-07-25,4,4,3,3,4,5,5
2294,WMT,2011-07-26,4,4,3,3,4,5,5
2293,WMT,2011-07-27,4,4,3,3,4,5,5
2292,WMT,2011-07-28,4,4,3,3,4,5,5
2291,WMT,2011-07-29,4,4,3,3,4,5,5
2290,WMT,2011-08-01,4,3,3,3,4,5,5
2289,WMT,2011-08-02,4,3,3,3,4,5,5
2288,WMT,2011-08-03,4,3,3,3,4,5,5
2287,WMT,2011-08-04,4,4,3,3,4,5,5
2286,WMT,2011-08-05,4,3,3,3,4,5,5
2285,WMT,2011-08-08,4,4,3,3,4,5,5
2284,WMT,2011-08-09,4,3,3,3,4,5,5
2283,WMT,2011-08-10,4,4,3,3,4,5,5
2282,WMT,2011-08-11,4,4,3,3,4,5,5
2281,WMT,2011-08-12,4,4,3,3,4,5,5
2280,WMT,2011-08-15,4,4,3,3,4,5,5
2279,WMT,2011-08-16,4,3,3,3,4,5,5
2278,WMT,2011-08-17,4,3,3,3,4,5,5
2277,WMT,2011-08-18,4,3,3,3,4,5,5
2276,WMT,2011-08-19,4,3,3,3,4,5,5
2275,WMT,2011-08-22,4,3,3,3,4,5,5
2274,WMT,2011-08-23,4,3,3,3,4,5,5
2273,WMT,2011-08-24,4,3,3,3,4,5,5
2272,WMT,2011-08-25,4,3,3,3,4,5,5
2271,WMT,2011-08-26,4,3,3,3,4,5,5
2270,WMT,2011-08-29,4,3,3,3,4,5,5
2269,WMT,2011-08-30,4,3,3,3,4,5,5
2268,WMT,2011-08-31,4,3,3,3,4,5,5
2267,WMT,2011-09-01,4,3,3,3,4,5,5
2266,WMT,2011-09-02,4,3,3,3,4,5,5
2265,WMT,2011-09-06,4,3,3,3,4,5,5
2264,WMT,2011-09-07,4,3,3,3,4,5,5
2263,WMT,2011-09-08,4,3,3,3,4,5,5
2262,WMT,2011-09-09,4,3,3,3,4,5,5
2261,WMT,2011-09-12,4,3,3,3,4,5,5
2260,WMT,2011-09-13,4,3,3,3,4,5,5
2259,WMT,2011-09-14,4,3,3,3,4,5,5
2258,WMT,2011-09-15,4,3,3,3,4,5,5
2257,WMT,2011-09-16,4,3,3,3,4,5,5
2256,WMT,2011-09-19,4,3,3,3,4,5,5
2255,WMT,2011-09-20,4,3,3,3,4,5,5
2254,WMT,2011-09-21,4,3,3,3,4,5,5
2253,WMT,2011-09-22,4,4,3,3,4,5,5
2252,WMT,2011-09-23,4,3,3,3,4,5,5
2251,WMT,2011-09-26,4,3,3,3,4,5,5
2250,WMT,2011-09-27,4,3,3,3,4,5,5
2249,WMT,2011-09-28,4,3,3,3,4,5,5
2248,WMT,2011-09-29,4,3,3,3,4,5,5
2247,WMT,2011-09-30,4,3,3,3,4,5,5
2246,WMT,2011-10-03,4,3,3,3,4,5,5
2245,WMT,2011-10-04,4,3,3,3,4,5,5
2244,WMT,2011-10-05,4,3,3,3,4,5,5
2243,WMT,2011-10-06,4,3,3,3,4,5,5
2242,WMT,2011-10-07,4,3,3,3,4,5,5
2241,WMT,2011-10-10,4,3,3,3,4,5,5
2240,WMT,2011-10-11,4,3,3,3,4,5,5
2239,WMT,2011-10-12,4,3,3,3,4,5,5
2238,WMT,2011-10-13,4,3,3,3,4,5,5
2237,WMT,2011-10-14,4,3,3,3,4,5,5
2236,WMT,2011-10-17,4,3,3,3,4,5,5
2235,WMT,2011-10-18,4,3,3,3,4,5,5
2234,WMT,2011-10-19,4,3,3,3,4,5,5
2233,WMT,2011-10-20,4,3,3,3,4,5,5
2232,WMT,2011-10-21,4,3,3,3,4,5,5
2231,WMT,2011-10-24,4,3,3,3,4,5,5
2230,WMT,2011-10-25,4,3,3,3,4,5,5
2229,WMT,2011-10-26,4,3,3,3,4,5,5
2228,WMT,2011-10-27,4,3,3,3,4,5,5
2227,WMT,2011-10-28,4,3,3,3,4,5,5
2226,WMT,2011-10-31,4,3,3,3,4,5,5
2225,WMT,2011-11-01,4,3,3,3,4,5,5
2224,WMT,2011-11-02,4,3,3,3,4,5,5
2223,WMT,2011-11-03,4,3,3,3,4,5,5
2222,WMT,2011-11-04,4,3,3,3,4,5,5
2221,WMT,2011-11-07,4,3,3,3,4,5,5
2220,WMT,2011-11-08,4,3,3,3,4,5,5
2219,WMT,2011-11-09,4,3,3,3,4,5,5
2218,WMT,2011-11-10,4,3,3,3,4,5,5
2217,WMT,2011-11-11,4,3,3,3,4,5,5
2216,WMT,2011-11-14,4,3,3,3,4,5,5
2215,WMT,2011-11-15,4,3,3,3,4,5,5
2214,WMT,2011-11-16,4,3,3,3,4,5,5
2213,WMT,2011-11-17,4,3,3,3,4,5,5
2212,WMT,2011-11-18,4,3,3,3,4,5,5
2211,WMT,2011-11-21,4,3,3,3,4,5,5
2210,WMT,2011-11-22,4,3,3,3,4,5,5
2209,WMT,2011-11-23,4,3,3,3,4,5,5
2208,WMT,2011-11-25,4,3,3,3,4,5,5
2207,WMT,2011-11-28,4,3,3,3,4,5,5
2206,WMT,2011-11-29,4,3,3,3,4,5,5
2205,WMT,2011-11-30,4,3,3,3,4,5,5
2204,WMT,2011-12-01,4,3,3,3,4,5,5
2203,WMT,2011-12-02,4,3,3,3,4,5,5
2202,WMT,2011-12-05,4,3,3,3,4,5,5
2201,WMT,2011-12-06,4,3,3,3,4,5,5
2200,WMT,2011-12-07,4,3,3,3,4,5,5
2199,WMT,2011-12-08,4,3,3,3,4,5,5
2198,WMT,2011-12-09,4,3,3,3,4,5,5
2197,WMT,2011-12-12,4,3,3,3,4,5,5
2196,WMT,2011-12-13,4,3,3,3,4,5,5
2195,WMT,2011-12-14,4,3,3,3,4,5,5
2194,WMT,2011-12-15,4,3,3,3,4,5,5
2193,WMT,2011-12-16,4,3,3,3,4,5,5
2192,WMT,2011-12-19,4,3,3,3,4,5,5
2191,WMT,2011-12-20,4,3,3,3,4,5,5
2190,WMT,2011-12-21,4,3,3,3,4,5,5
2189,WMT,2011-12-22,4,3,3,3,4,5,5
2188,WMT,2011-12-23,4,3,3,3,4,5,5
2187,WMT,2011-12-27,4,3,3,3,4,5,5
2186,WMT,2011-12-28,4,3,3,3,4,5,5
2185,WMT,2011-12-29,4,3,3,3,4,5,5
2184,WMT,2011-12-30,4,3,3,3,4,5,5
2183,WMT,2012-01-03,4,3,3,3,4,5,5
2182,WMT,2012-01-04,4,3,3,3,4,5,5
2181,WMT,2012-01-05,4,3,3,3,4,5,5
2180,WMT,2012-01-06,4,3,3,3,4,5,5
2179,WMT,2012-01-09,4,3,3,3,4,5,5
2178,WMT,2012-01-10,4,3,3,3,4,5,5
2177,WMT,2012-01-11,4,3,3,3,4,5,5
2176,WMT,2012-01-12,4,3,3,3,4,5,5
2175,WMT,2012-01-13,4,3,3,3,4,5,5
2174,WMT,2012-01-17,4,3,3,3,4,5,5
2173,WMT,2012-01-18,4,3,3,3,4,5,5
2172,WMT,2012-01-19,4,3,3,3,4,5,5
2171,WMT,2012-01-20,4,3,3,3,4,5,5
2170,WMT,2012-01-23,4,3,3,3,4,5,5
2169,WMT,2012-01-24,4,3,3,3,4,5,5
2168,WMT,2012-01-25,4,3,3,3,4,5,5
2167,WMT,2012-01-26,4,3,3,3,4,5,5
2166,WMT,2012-01-27,4,3,3,3,4,5,5
2165,WMT,2012-01-30,4,3,3,3,4,5,5
2164,WMT,2012-01-31,4,3,3,3,4,5,5
2163,WMT,2012-02-01,4,3,3,3,4,5,5
2162,WMT,2012-02-02,4,3,3,3,4,5,5
2161,WMT,2012-02-03,4,3,3,3,4,5,5
2160,WMT,2012-02-06,4,3,3,3,4,5,5
2159,WMT,2012-02-07,4,3,3,3,4,5,5
2158,WMT,2012-02-08,4,3,3,3,4,5,5
2157,WMT,2012-02-09,4,3,3,3,4,5,5
2156,WMT,2012-02-10,4,3,3,3,4,5,5
2155,WMT,2012-02-13,4,3,3,3,4,5,5
2154,WMT,2012-02-14,4,3,3,3,4,5,5
2153,WMT,2012-02-15,4,3,3,3,4,5,5
2152,WMT,2012-02-16,4,3,3,3,4,5,5
2151,WMT,2012-02-17,4,3,3,3,4,5,5
2150,WMT,2012-02-21,4,3,3,3,4,5,5
2149,WMT,2012-02-22,4,3,3,3,4,5,5
2148,WMT,2012-02-23,4,3,3,3,4,5,5
2147,WMT,2012-02-24,4,3,3,3,4,5,5
2146,WMT,2012-02-27,4,3,3,3,4,5,5
2145,WMT,2012-02-28,4,3,3,3,4,5,5
2144,WMT,2012-02-29,4,3,3,3,4,5,5
2143,WMT,2012-03-01,4,3,3,3,4,5,5
2142,WMT,2012-03-02,4,3,3,3,4,5,5
2141,WMT,2012-03-05,4,3,3,3,4,5,5
2140,WMT,2012-03-06,4,3,3,3,4,5,5
2139,WMT,2012-03-07,4,3,3,3,4,5,5
2138,WMT,2012-03-08,4,3,3,3,4,5,5
2137,WMT,2012-03-09,4,3,3,3,4,5,5
2136,WMT,2012-03-12,4,3,3,3,4,5,5
2135,WMT,2012-03-13,4,3,3,3,4,5,5
2134,WMT,2012-03-14,4,3,3,3,4,5,5
2133,WMT,2012-03-15,4,3,3,3,4,5,5
2132,WMT,2012-03-16,4,3,3,3,4,5,5
2131,WMT,2012-03-19,4,3,3,3,4,5,5
2130,WMT,2012-03-20,4,3,3,3,4,5,5
2129,WMT,2012-03-21,4,3,3,3,4,5,5
2128,WMT,2012-03-22,4,3,3,3,4,5,5
2127,WMT,2012-03-23,4,3,3,3,4,5,5
2126,WMT,2012-03-26,4,3,3,3,4,5,5
2125,WMT,2012-03-27,4,3,3,3,4,5,5
2124,WMT,2012-03-28,4,3,3,3,4,5,5
2123,WMT,2012-03-29,4,3,3,3,4,5,5
2122,WMT,2012-03-30,4,3,3,3,4,5,5
2121,WMT,2012-04-02,4,3,3,3,4,5,5
2120,WMT,2012-04-03,4,3,3,3,4,5,5
2119,WMT,2012-04-04,4,3,3,3,4,5,5
2118,WMT,2012-04-05,4,3,3,3,4,5,5
2117,WMT,2012-04-09,4,3,3,3,4,5,5
2116,WMT,2012-04-10,4,3,3,3,4,5,5
2115,WMT,2012-04-11,4,3,3,3,4,5,5
2114,WMT,2012-04-12,4,3,3,3,4,5,5
2113,WMT,2012-04-13,4,3,3,3,4,5,5
2112,WMT,2012-04-16,4,3,3,3,4,5,5
2111,WMT,2012-04-17,4,3,3,3,4,5,5
2110,WMT,2012-04-18,4,3,3,3,4,5,5
2109,WMT,2012-04-19,4,3,3,3,4,5,5
2108,WMT,2012-04-20,4,3,3,3,4,5,5
2107,WMT,2012-04-23,4,3,3,3,4,5,5
2106,WMT,2012-04-24,4,3,3,3,4,5,5
2105,WMT,2012-04-25,4,3,3,3,4,5,5
2104,WMT,2012-04-26,4,3,3,3,4,5,5
2103,WMT,2012-04-27,4,3,3,3,4,5,5
2102,WMT,2012-04-30,4,3,3,3,4,5,5
2101,WMT,2012-05-01,4,3,3,3,4,5,5
2100,WMT,2012-05-02,4,3,3,3,4,5,5
2099,WMT,2012-05-03,4,3,3,3,4,5,5
2098,WMT,2012-05-04,4,3,3,3,4,5,5
2097,WMT,2012-05-07,4,3,3,3,4,5,5
2096,WMT,2012-05-08,4,3,3,3,4,5,5
2095,WMT,2012-05-09,4,3,3,3,4,5,5
2094,WMT,2012-05-10,4,3,3,3,4,5,5
2093,WMT,2012-05-11,4,3,3,3,4,5,5
2092,WMT,2012-05-14,4,3,3,3,4,5,5
2091,WMT,2012-05-15,4,3,3,3,4,5,5
2090,WMT,2012-05-16,4,3,3,3,4,5,5
2089,WMT,2012-05-17,4,3,3,3,4,5,5
2088,WMT,2012-05-18,4,3,3,3,4,5,5
2087,WMT,2012-05-21,4,3,3,3,4,5,5
2086,WMT,2012-05-22,4,3,3,3,4,5,5
2085,WMT,2012-05-23,4,3,3,3,4,5,5
2084,WMT,2012-05-24,4,3,3,3,4,5,5
2083,WMT,2012-05-25,4,3,3,3,4,5,5
2082,WMT,2012-05-29,4,3,3,3,4,5,5
2081,WMT,2012-05-30,4,3,3,3,4,5,5
2080,WMT,2012-05-31,4,3,3,3,4,5,5
2079,WMT,2012-06-01,4,3,3,3,4,5,5
2078,WMT,2012-06-04,4,3,3,3,4,5,5
2077,WMT,2012-06-05,4,3,3,3,4,5,5
2076,WMT,2012-06-06,4,3,3,3,4,5,5
2075,WMT,2012-06-07,4,3,3,3,4,5,5
2074,WMT,2012-06-08,4,3,3,3,4,5,5
2073,WMT,2012-06-11,4,3,3,3,4,5,5
2072,WMT,2012-06-12,4,3,3,3,4,5,5
2071,WMT,2012-06-13,4,3,3,3,4,5,5
2070,WMT,2012-06-14,4,3,3,3,4,5,5
2069,WMT,2012-06-15,4,3,3,3,4,5,5
2068,WMT,2012-06-18,4,3,3,3,4,5,5
2067,WMT,2012-06-19,4,3,3,3,4,5,5
2066,WMT,2012-06-20,4,3,3,3,4,5,5
2065,WMT,2012-06-21,4,3,3,3,4,5,5
2064,WMT,2012-06-22,4,3,3,3,4,5,5
2063,WMT,2012-06-25,4,3,3,3,4,5,5
2062,WMT,2012-06-26,4,3,3,3,4,5,5
2061,WMT,2012-06-27,4,3,3,3,4,5,5
2060,WMT,2012-06-28,4,3,3,3,4,5,5
2059,WMT,2012-06-29,4,3,3,3,4,5,5
2058,WMT,2012-07-02,4,3,3,3,4,5,5
2057,WMT,2012-07-03,4,3,3,3,4,5,5
2056,WMT,2012-07-05,4,3,3,3,4,5,5
2055,WMT,2012-07-06,4,3,3,3,4,5,5
2054,WMT,2012-07-09,4,3,3,3,4,5,5
2053,WMT,2012-07-10,4,3,3,3,4,5,5
2052,WMT,2012-07-11,4,3,3,3,4,5,5
2051,WMT,2012-07-12,4,3,3,3,4,5,5
2050,WMT,2012-07-13,4,3,3,3,4,5,5
2049,WMT,2012-07-16,4,3,3,3,4,5,5
2048,WMT,2012-07-17,4,3,3,3,4,5,5
2047,WMT,2012-07-18,4,3,3,3,4,5,5
2046,WMT,2012-07-19,4,3,3,3,4,5,5
2045,WMT,2012-07-20,4,3,3,3,4,5,5
2044,WMT,2012-07-23,4,3,3,3,4,5,5
2043,WMT,2012-07-24,4,3,3,3,4,5,5
2042,WMT,2012-07-25,4,3,3,3,4,5,5
2041,WMT,2012-07-26,4,3,3,3,4,5,5
2040,WMT,2012-07-27,4,3,3,3,4,5,5
2039,WMT,2012-07-30,4,3,3,3,4,5,5
2038,WMT,2012-07-31,4,3,3,3,4,5,5
2037,WMT,2012-08-01,4,3,3,3,4,5,5
2036,WMT,2012-08-02,4,3,3,3,4,5,5
2035,WMT,2012-08-03,4,3,3,3,4,5,5
2034,WMT,2012-08-06,4,3,3,3,4,5,5
2033,WMT,2012-08-07,4,3,3,3,4,5,5
2032,WMT,2012-08-08,4,3,3,3,4,5,5
2031,WMT,2012-08-09,4,3,3,3,4,5,5
2030,WMT,2012-08-10,4,3,3,3,4,5,5
2029,WMT,2012-08-13,4,3,3,3,4,5,5
2028,WMT,2012-08-14,4,3,3,3,4,5,5
2027,WMT,2012-08-15,4,3,3,3,4,5,5
2026,WMT,2012-08-16,4,3,3,3,4,5,5
2025,WMT,2012-08-17,4,3,3,3,4,5,5
2024,WMT,2012-08-20,4,3,3,3,4,5,5
2023,WMT,2012-08-21,4,3,3,3,4,5,5
2022,WMT,2012-08-22,4,3,3,3,4,5,5
2021,WMT,2012-08-23,4,3,3,3,4,5,5
2020,WMT,2012-08-24,4,3,3,3,4,5,5
2019,WMT,2012-08-27,4,3,3,3,4,5,5
2018,WMT,2012-08-28,4,3,3,3,4,5,5
2017,WMT,2012-08-29,4,3,3,3,4,5,5
2016,WMT,2012-08-30,4,3,3,3,4,5,5
2015,WMT,2012-08-31,4,3,3,3,4,5,5
2014,WMT,2012-09-04,4,3,3,3,4,5,5
2013,WMT,2012-09-05,4,3,3,3,4,5,5
2012,WMT,2012-09-06,4,3,3,3,4,5,5
2011,WMT,2012-09-07,4,3,3,3,4,5,5
2010,WMT,2012-09-10,4,3,3,3,4,5,5
2009,WMT,2012-09-11,4,3,3,3,4,5,5
2008,WMT,2012-09-12,4,3,3,3,4,5,5
2007,WMT,2012-09-13,4,3,3,3,4,5,5
2006,WMT,2012-09-14,4,3,3,3,4,5,5
2005,WMT,2012-09-17,4,3,3,3,4,5,5
2004,WMT,2012-09-18,4,3,3,3,4,5,5
2003,WMT,2012-09-19,4,3,3,3,4,5,5
2002,WMT,2012-09-20,4,3,3,3,4,5,5
2001,WMT,2012-09-21,4,3,3,3,4,5,5
2000,WMT,2012-09-24,4,3,3,3,4,5,5
1999,WMT,2012-09-25,4,3,3,3,4,5,5
1998,WMT,2012-09-26,4,3,3,3,4,5,5
1997,WMT,2012-09-27,4,3,3,3,4,5,5
1996,WMT,2012-09-28,4,3,3,3,4,5,5
1995,WMT,2012-10-01,4,3,3,3,4,5,5
1994,WMT,2012-10-02,4,3,3,3,4,5,5
1993,WMT,2012-10-03,4,3,3,3,4,5,5
1992,WMT,2012-10-04,4,3,3,3,4,5,5
1991,WMT,2012-10-05,4,3,3,3,4,5,5
1990,WMT,2012-10-08,4,3,3,3,4,5,5
1989,WMT,2012-10-09,4,3,3,3,4,5,5
1988,WMT,2012-10-10,4,3,3,3,4,5,5
1987,WMT,2012-10-11,4,3,3,3,4,5,5
1986,WMT,2012-10-12,4,3,3,3,4,5,5
1985,WMT,2012-10-15,4,3,3,3,4,5,5
1984,WMT,2012-10-16,4,3,3,3,4,5,5
1983,WMT,2012-10-17,4,3,3,3,4,5,5
1982,WMT,2012-10-18,4,3,3,3,4,5,5
1981,WMT,2012-10-19,4,3,3,3,4,5,5
1980,WMT,2012-10-22,4,3,3,3,4,5,5
1979,WMT,2012-10-23,4,3,3,3,4,5,5
1978,WMT,2012-10-24,4,3,3,3,4,5,5
1977,WMT,2012-10-25,4,3,3,3,4,5,5
1976,WMT,2012-10-26,4,3,3,3,4,5,5
1975,WMT,2012-10-31,4,3,3,3,4,5,5
1974,WMT,2012-11-01,4,3,3,3,4,5,5
1973,WMT,2012-11-02,4,3,3,3,4,5,5
1972,WMT,2012-11-05,4,3,3,3,4,5,5
1971,WMT,2012-11-06,4,3,3,3,4,5,5
1970,WMT,2012-11-07,4,3,3,3,4,5,5
1969,WMT,2012-11-08,4,3,3,3,4,5,5
1968,WMT,2012-11-09,4,3,3,3,4,5,5
1967,WMT,2012-11-12,4,3,3,3,4,5,5
1966,WMT,2012-11-13,4,3,3,3,4,5,5
1965,WMT,2012-11-14,4,3,3,3,4,5,5
1964,WMT,2012-11-15,4,3,3,3,4,5,5
1963,WMT,2012-11-16,4,3,3,3,4,5,5
1962,WMT,2012-11-19,4,3,3,3,4,5,5
1961,WMT,2012-11-20,4,3,3,3,4,5,5
1960,WMT,2012-11-21,4,3,3,3,4,5,5
1959,WMT,2012-11-23,4,3,3,3,4,5,5
1958,WMT,2012-11-26,4,3,3,3,4,5,5
1957,WMT,2012-11-27,4,3,3,3,4,5,5
1956,WMT,2012-11-28,4,3,3,3,4,5,5
1955,WMT,2012-11-29,4,3,3,3,4,5,5
1954,WMT,2012-11-30,4,3,3,3,4,5,5
1953,WMT,2012-12-03,4,3,3,3,4,5,5
1952,WMT,2012-12-04,4,3,3,3,4,5,5
1951,WMT,2012-12-05,4,3,3,3,4,5,5
1950,WMT,2012-12-06,4,3,3,3,4,5,5
1949,WMT,2012-12-07,4,3,3,3,4,5,5
1948,WMT,2012-12-10,4,3,3,3,4,5,5
1947,WMT,2012-12-11,4,3,3,3,4,5,5
1946,WMT,2012-12-12,4,3,3,3,4,5,5
1945,WMT,2012-12-13,4,3,3,3,4,5,5
1944,WMT,2012-12-14,4,3,3,3,4,5,5
1943,WMT,2012-12-17,4,3,3,3,4,5,5
1942,WMT,2012-12-18,4,3,3,3,4,5,5
1941,WMT,2012-12-19,4,3,3,3,4,5,5
1940,WMT,2012-12-20,4,3,3,3,4,5,5
1939,WMT,2012-12-21,4,3,3,3,4,5,5
1938,WMT,2012-12-24,4,3,3,3,4,5,5
1937,WMT,2012-12-26,4,3,3,3,4,5,5
1936,WMT,2012-12-27,4,3,3,3,4,5,5
1935,WMT,2012-12-28,4,3,3,3,4,5,5
1934,WMT,2012-12-31,4,3,3,3,4,5,5
1933,WMT,2013-01-02,4,3,3,3,4,5,5
1932,WMT,2013-01-03,4,3,3,3,4,5,5
1931,WMT,2013-01-04,4,3,3,3,4,5,5
1930,WMT,2013-01-07,4,3,3,3,4,5,5
1929,WMT,2013-01-08,4,3,3,3,4,5,5
1928,WMT,2013-01-09,4,3,3,3,4,5,5
1927,WMT,2013-01-10,4,3,3,3,4,5,5
1926,WMT,2013-01-11,4,3,3,3,4,5,5
1925,WMT,2013-01-14,4,3,3,3,4,5,5
1924,WMT,2013-01-15,4,3,3,3,4,5,5
1923,WMT,2013-01-16,4,3,3,3,4,5,5
1922,WMT,2013-01-17,4,3,3,3,4,5,5
1921,WMT,2013-01-18,4,3,3,3,4,5,5
1920,WMT,2013-01-22,4,3,3,3,4,5,5
1919,WMT,2013-01-23,4,3,3,3,4,5,5
1918,WMT,2013-01-24,4,3,3,3,4,5,5
1917,WMT,2013-01-25,4,3,3,3,4,5,5
1916,WMT,2013-01-28,4,3,3,3,4,5,5
1915,WMT,2013-01-29,4,3,3,3,4,5,5
1914,WMT,2013-01-30,4,3,3,3,4,5,5
1913,WMT,2013-01-31,4,3,3,3,4,5,5
1912,WMT,2013-02-01,4,4,3,3,4,5,5
1911,WMT,2013-02-04,4,4,3,3,4,5,5
1910,WMT,2013-02-05,4,4,3,3,4,5,5
1909,WMT,2013-02-06,4,4,3,3,4,5,5
1908,WMT,2013-02-07,4,4,3,3,4,5,5
1907,WMT,2013-02-08,4,4,3,3,4,5,5
1906,WMT,2013-02-11,4,4,3,3,4,5,5
1905,WMT,2013-02-12,4,4,3,3,4,5,5
1904,WMT,2013-02-13,4,4,3,3,4,5,5
1903,WMT,2013-02-14,4,4,3,3,4,5,5
1902,WMT,2013-02-15,4,4,3,3,4,5,5
1901,WMT,2013-02-19,4,4,3,3,4,5,5
1900,WMT,2013-02-20,4,4,3,3,4,5,5
1899,WMT,2013-02-21,4,4,3,3,4,5,5
1898,WMT,2013-02-22,4,4,3,3,4,5,5
1897,WMT,2013-02-25,4,4,3,3,4,5,5
1896,WMT,2013-02-26,4,4,3,3,4,5,5
1895,WMT,2013-02-27,4,4,3,3,4,5,5
1894,WMT,2013-02-28,4,4,3,3,4,5,5
1893,WMT,2013-03-01,4,4,3,3,4,5,5
1892,WMT,2013-03-04,4,4,3,3,4,5,5
1891,WMT,2013-03-05,4,4,3,3,4,5,5
1890,WMT,2013-03-06,4,4,3,3,4,5,5
1889,WMT,2013-03-07,4,4,3,3,4,5,5
1888,WMT,2013-03-08,4,4,3,3,4,5,5
1887,WMT,2013-03-11,4,4,3,3,4,5,5
1886,WMT,2013-03-12,4,4,3,3,4,5,5
1885,WMT,2013-03-13,4,4,3,3,4,5,5
1884,WMT,2013-03-14,4,4,3,3,4,5,5
1883,WMT,2013-03-15,4,4,3,3,4,5,5
1882,WMT,2013-03-18,4,4,3,3,4,5,5
1881,WMT,2013-03-19,4,4,3,3,4,5,5
1880,WMT,2013-03-20,4,4,3,3,4,5,5
1879,WMT,2013-03-21,4,4,3,3,4,5,5
1878,WMT,2013-03-22,4,4,3,3,4,5,5
1877,WMT,2013-03-25,4,4,3,3,4,5,5
1876,WMT,2013-03-26,4,4,3,3,4,5,5
1875,WMT,2013-03-27,4,4,3,3,4,5,5
1874,WMT,2013-03-28,4,4,3,3,4,5,5
1873,WMT,2013-04-01,4,4,3,3,4,5,5
1872,WMT,2013-04-02,4,4,3,3,4,5,5
1871,WMT,2013-04-03,4,4,3,3,4,5,5
1870,WMT,2013-04-04,4,4,3,3,4,5,5
1869,WMT,2013-04-05,4,4,3,3,4,5,5
1868,WMT,2013-04-08,4,4,3,3,4,5,5
1867,WMT,2013-04-09,4,4,3,3,4,5,5
1866,WMT,2013-04-10,4,4,3,3,4,5,5
1865,WMT,2013-04-11,4,4,3,3,4,5,5
1864,WMT,2013-04-12,4,4,3,3,4,5,5
1863,WMT,2013-04-15,4,4,3,3,4,5,5
1862,WMT,2013-04-16,4,4,3,3,4,5,5
1861,WMT,2013-04-17,4,4,3,3,4,5,5
1860,WMT,2013-04-18,4,4,3,3,4,5,5
1859,WMT,2013-04-19,4,4,3,3,4,5,5
1858,WMT,2013-04-22,4,4,3,3,4,5,5
1857,WMT,2013-04-23,4,4,3,3,4,5,5
1856,WMT,2013-04-24,4,4,3,3,4,5,5
1855,WMT,2013-04-25,4,4,3,3,4,5,5
1854,WMT,2013-04-26,4,4,3,3,4,5,5
1853,WMT,2013-04-29,4,4,3,3,4,5,5
1852,WMT,2013-04-30,4,4,3,3,4,5,5
1851,WMT,2013-05-01,4,3,3,3,4,5,5
1850,WMT,2013-05-02,4,3,3,3,4,5,5
1849,WMT,2013-05-03,4,3,3,3,4,5,5
1848,WMT,2013-05-06,4,3,3,3,4,5,5
1847,WMT,2013-05-07,4,3,3,3,4,5,5
1846,WMT,2013-05-08,4,3,3,3,4,5,5
1845,WMT,2013-05-09,4,3,3,3,4,5,5
1844,WMT,2013-05-10,4,3,3,3,4,5,5
1843,WMT,2013-05-13,4,3,3,3,4,5,5
1842,WMT,2013-05-14,4,3,3,3,4,5,5
1841,WMT,2013-05-15,4,3,3,3,4,5,5
1840,WMT,2013-05-16,4,3,3,3,4,5,5
1839,WMT,2013-05-17,4,3,3,3,4,5,5
1838,WMT,2013-05-20,4,3,3,3,4,5,5
1837,WMT,2013-05-21,4,3,3,3,4,5,5
1836,WMT,2013-05-22,4,3,3,3,4,5,5
1835,WMT,2013-05-23,4,3,3,3,4,5,5
1834,WMT,2013-05-24,4,3,3,3,4,5,5
1833,WMT,2013-05-28,4,3,3,3,4,5,5
1832,WMT,2013-05-29,4,3,3,3,4,5,5
1831,WMT,2013-05-30,4,3,3,3,4,5,5
1830,WMT,2013-05-31,4,3,3,3,4,5,5
1829,WMT,2013-06-03,4,3,3,3,4,5,5
1828,WMT,2013-06-04,4,3,3,3,4,5,5
1827,WMT,2013-06-05,4,3,3,3,4,5,5
1826,WMT,2013-06-06,4,3,3,3,4,5,5
1825,WMT,2013-06-07,4,3,3,3,4,5,5
1824,WMT,2013-06-10,4,3,3,3,4,5,5
1823,WMT,2013-06-11,4,3,3,3,4,5,5
1822,WMT,2013-06-12,4,3,3,3,4,5,5
1821,WMT,2013-06-13,4,3,3,3,4,5,5
1820,WMT,2013-06-14,4,3,3,3,4,5,5
1819,WMT,2013-06-17,4,3,3,3,4,5,5
1818,WMT,2013-06-18,4,3,3,3,4,5,5
1817,WMT,2013-06-19,4,3,3,3,4,5,5
1816,WMT,2013-06-20,4,3,3,3,4,5,5
1815,WMT,2013-06-21,4,3,3,3,4,5,5
1814,WMT,2013-06-24,4,3,3,3,4,5,5
1813,WMT,2013-06-25,4,3,3,3,4,5,5
1812,WMT,2013-06-26,4,3,3,3,4,5,5
1811,WMT,2013-06-27,4,3,3,3,4,5,5
1810,WMT,2013-06-28,4,3,3,3,4,5,5
1809,WMT,2013-07-01,4,3,3,3,4,5,5
1808,WMT,2013-07-02,4,3,3,3,4,5,5
1807,WMT,2013-07-03,4,3,3,3,4,5,5
1806,WMT,2013-07-05,4,3,3,3,4,5,5
1805,WMT,2013-07-08,4,3,3,3,4,5,5
1804,WMT,2013-07-09,4,3,3,3,4,5,5
1803,WMT,2013-07-10,4,3,3,3,4,5,5
1802,WMT,2013-07-11,4,3,3,3,4,5,5
1801,WMT,2013-07-12,4,3,3,3,4,5,5
1800,WMT,2013-07-15,4,3,3,3,4,5,5
1799,WMT,2013-07-16,4,3,3,3,4,5,5
1798,WMT,2013-07-17,4,3,3,3,4,5,5
1797,WMT,2013-07-18,4,3,3,3,4,5,5
1796,WMT,2013-07-19,4,3,3,3,4,5,5
1795,WMT,2013-07-22,4,3,3,3,4,5,5
1794,WMT,2013-07-23,4,3,3,3,4,5,5
1793,WMT,2013-07-24,4,3,3,3,4,5,5
1792,WMT,2013-07-25,4,3,3,3,4,5,5
1791,WMT,2013-07-26,4,3,3,3,4,5,5
1790,WMT,2013-07-29,4,3,3,3,4,5,5
1789,WMT,2013-07-30,4,3,3,3,4,5,5
1788,WMT,2013-07-31,4,3,3,3,4,5,5
1787,WMT,2013-08-01,4,3,3,3,4,5,5
1786,WMT,2013-08-02,4,3,3,3,4,5,5
1785,WMT,2013-08-05,4,3,3,3,4,5,5
1784,WMT,2013-08-06,4,3,3,3,4,5,5
1783,WMT,2013-08-07,4,3,3,3,4,5,5
1782,WMT,2013-08-08,4,3,3,3,4,5,5
1781,WMT,2013-08-09,4,3,3,3,4,5,5
1780,WMT,2013-08-12,4,3,3,3,4,5,5
1779,WMT,2013-08-13,4,3,3,3,4,5,5
1778,WMT,2013-08-14,4,3,3,3,4,5,5
1777,WMT,2013-08-15,4,3,3,3,4,5,5
1776,WMT,2013-08-16,4,3,3,3,4,5,5
1775,WMT,2013-08-19,4,3,3,3,4,5,5
1774,WMT,2013-08-20,4,3,3,3,4,5,5
1773,WMT,2013-08-21,4,3,3,3,4,5,5
1772,WMT,2013-08-22,4,3,3,3,4,5,5
1771,WMT,2013-08-23,4,3,3,3,4,5,5
1770,WMT,2013-08-26,4,3,3,3,4,5,5
1769,WMT,2013-08-27,4,3,3,3,4,5,5
1768,WMT,2013-08-28,4,3,3,3,4,5,5
1767,WMT,2013-08-29,4,3,3,3,4,5,5
1766,WMT,2013-08-30,4,3,3,3,4,5,5
1765,WMT,2013-09-03,4,3,3,3,4,5,5
1764,WMT,2013-09-04,4,3,3,3,4,5,5
1763,WMT,2013-09-05,4,3,3,3,4,5,5
1762,WMT,2013-09-06,4,3,3,3,4,5,5
1761,WMT,2013-09-09,4,3,3,3,4,5,5
1760,WMT,2013-09-10,4,3,3,3,4,5,5
1759,WMT,2013-09-11,4,3,3,3,4,5,5
1758,WMT,2013-09-12,4,3,3,3,4,5,5
1757,WMT,2013-09-13,4,3,3,3,4,5,5
1756,WMT,2013-09-16,4,3,3,3,4,5,5
1755,WMT,2013-09-17,4,3,3,3,4,5,5
1754,WMT,2013-09-18,4,3,3,3,4,5,5
1753,WMT,2013-09-19,4,3,3,3,4,5,5
1752,WMT,2013-09-20,4,3,3,3,4,5,5
1751,WMT,2013-09-23,4,3,3,3,4,5,5
1750,WMT,2013-09-24,4,3,3,3,4,5,5
1749,WMT,2013-09-25,4,3,3,3,4,5,5
1748,WMT,2013-09-26,4,3,3,3,4,5,5
1747,WMT,2013-09-27,4,3,3,3,4,5,5
1746,WMT,2013-09-30,4,3,3,3,4,5,5
1745,WMT,2013-10-01,4,3,3,3,4,5,5
1744,WMT,2013-10-02,4,3,3,3,4,5,5
1743,WMT,2013-10-03,4,3,3,3,4,5,5
1742,WMT,2013-10-04,4,3,3,3,4,5,5
1741,WMT,2013-10-07,4,3,3,3,4,5,5
1740,WMT,2013-10-08,4,3,3,3,4,5,5
1739,WMT,2013-10-09,4,3,3,3,4,5,5
1738,WMT,2013-10-10,4,3,3,3,4,5,5
1737,WMT,2013-10-11,4,3,3,3,4,5,5
1736,WMT,2013-10-14,4,3,3,3,4,5,5
1735,WMT,2013-10-15,4,3,3,3,4,5,5
1734,WMT,2013-10-16,4,3,3,3,4,5,5
1733,WMT,2013-10-17,4,3,3,3,4,5,5
1732,WMT,2013-10-18,4,3,3,3,4,5,5
1731,WMT,2013-10-21,4,3,3,3,4,5,5
1730,WMT,2013-10-22,4,3,3,3,4,5,5
1729,WMT,2013-10-23,4,3,3,3,4,5,5
1728,WMT,2013-10-24,4,3,3,3,4,5,5
1727,WMT,2013-10-25,4,3,3,3,4,5,5
1726,WMT,2013-10-28,4,3,3,3,4,5,5
1725,WMT,2013-10-29,4,3,3,3,4,5,5
1724,WMT,2013-10-30,4,3,3,3,4,5,5
1723,WMT,2013-10-31,4,3,3,3,4,5,5
1722,WMT,2013-11-01,4,3,3,3,4,5,5
1721,WMT,2013-11-04,4,3,3,3,4,5,5
1720,WMT,2013-11-05,4,3,3,3,4,5,5
1719,WMT,2013-11-06,4,3,3,3,4,5,5
1718,WMT,2013-11-07,4,3,3,3,4,5,5
1717,WMT,2013-11-08,4,3,3,3,4,5,5
1716,WMT,2013-11-11,4,3,3,3,4,5,5
1715,WMT,2013-11-12,4,3,3,3,4,5,5
1714,WMT,2013-11-13,4,3,3,3,4,5,5
1713,WMT,2013-11-14,4,3,3,3,4,5,5
1712,WMT,2013-11-15,4,3,3,3,4,5,5
1711,WMT,2013-11-18,4,3,3,3,4,5,5
1710,WMT,2013-11-19,4,3,3,3,4,5,5
1709,WMT,2013-11-20,4,3,3,3,4,5,5
1708,WMT,2013-11-21,4,3,3,3,4,5,5
1707,WMT,2013-11-22,4,3,3,3,4,5,5
1706,WMT,2013-11-25,4,3,3,3,4,5,5
1705,WMT,2013-11-26,4,3,3,3,4,5,5
1704,WMT,2013-11-27,4,3,3,3,4,5,5
1703,WMT,2013-11-29,4,3,3,3,4,5,5
1702,WMT,2013-12-02,4,3,3,3,4,5,5
1701,WMT,2013-12-03,4,3,3,3,4,5,5
1700,WMT,2013-12-04,4,3,3,3,4,5,5
1699,WMT,2013-12-05,4,3,3,3,4,5,5
1698,WMT,2013-12-06,4,3,3,3,4,5,5
1697,WMT,2013-12-09,4,3,3,3,4,5,5
1696,WMT,2013-12-10,4,3,3,3,4,5,5
1695,WMT,2013-12-11,4,3,3,3,4,5,5
1694,WMT,2013-12-12,4,3,3,3,4,5,5
1693,WMT,2013-12-13,4,3,3,3,4,5,5
1692,WMT,2013-12-16,4,3,3,3,4,5,5
1691,WMT,2013-12-17,4,3,3,3,4,5,5
1690,WMT,2013-12-18,4,3,3,3,4,5,5
1689,WMT,2013-12-19,4,3,3,3,4,5,5
1688,WMT,2013-12-20,4,3,3,3,4,5,5
1687,WMT,2013-12-23,4,3,3,3,4,5,5
1686,WMT,2013-12-24,4,3,3,3,4,5,5
1685,WMT,2013-12-26,4,3,3,3,4,5,5
1684,WMT,2013-12-27,4,3,3,3,4,5,5
1683,WMT,2013-12-30,4,3,3,3,4,5,5
1682,WMT,2013-12-31,4,3,3,3,4,5,5
1681,WMT,2014-01-02,4,3,3,3,4,5,5
1680,WMT,2014-01-03,4,3,3,3,4,5,5
1679,WMT,2014-01-06,4,3,3,3,4,5,5
1678,WMT,2014-01-07,4,3,3,3,4,5,5
1677,WMT,2014-01-08,4,3,3,3,4,5,5
1676,WMT,2014-01-09,4,3,3,3,4,5,5
1675,WMT,2014-01-10,4,3,3,3,4,5,5
1674,WMT,2014-01-13,4,3,3,3,4,5,5
1673,WMT,2014-01-14,4,3,3,3,4,5,5
1672,WMT,2014-01-15,4,3,3,3,4,5,5
1671,WMT,2014-01-16,4,3,3,3,4,5,5
1670,WMT,2014-01-17,4,3,3,3,4,5,5
1669,WMT,2014-01-21,4,3,3,3,4,5,5
1668,WMT,2014-01-22,4,3,3,3,4,5,5
1667,WMT,2014-01-23,4,3,3,3,4,5,5
1666,WMT,2014-01-24,4,3,3,3,4,5,5
1665,WMT,2014-01-27,4,3,3,3,4,5,5
1664,WMT,2014-01-28,4,3,3,3,4,5,5
1663,WMT,2014-01-29,4,3,3,3,4,5,5
1662,WMT,2014-01-30,4,3,3,3,4,5,5
1661,WMT,2014-01-31,4,3,3,3,4,5,5
1660,WMT,2014-02-03,4,3,3,3,4,5,5
1659,WMT,2014-02-04,4,3,3,3,4,5,5
1658,WMT,2014-02-05,4,3,3,3,4,5,5
1657,WMT,2014-02-06,4,3,3,3,4,5,5
1656,WMT,2014-02-07,4,3,3,3,4,5,5
1655,WMT,2014-02-10,4,3,3,3,4,5,5
1654,WMT,2014-02-11,4,3,3,3,4,5,5
1653,WMT,2014-02-12,4,3,3,3,4,5,5
1652,WMT,2014-02-13,4,3,3,3,4,5,5
1651,WMT,2014-02-14,4,3,3,3,4,5,5
1650,WMT,2014-02-18,4,3,3,3,4,5,5
1649,WMT,2014-02-19,4,3,3,3,4,5,5
1648,WMT,2014-02-20,4,3,3,3,4,5,5
1647,WMT,2014-02-21,4,3,3,3,4,5,5
1646,WMT,2014-02-24,4,3,3,3,4,5,5
1645,WMT,2014-02-25,4,3,3,3,4,5,5
1644,WMT,2014-02-26,4,3,3,3,4,5,5
1643,WMT,2014-02-27,4,3,3,3,4,5,5
1642,WMT,2014-02-28,4,3,3,3,4,5,5
1641,WMT,2014-03-03,4,3,3,3,4,5,5
1640,WMT,2014-03-04,4,3,3,3,4,5,5
1639,WMT,2014-03-05,4,3,3,3,4,5,5
1638,WMT,2014-03-06,4,3,3,3,4,5,5
1637,WMT,2014-03-07,4,3,3,3,4,5,5
1636,WMT,2014-03-10,4,3,3,3,4,5,5
1635,WMT,2014-03-11,4,3,3,3,4,5,5
1634,WMT,2014-03-12,4,3,3,3,4,5,5
1633,WMT,2014-03-13,4,3,3,3,4,5,5
1632,WMT,2014-03-14,4,3,3,3,4,5,5
1631,WMT,2014-03-17,4,3,3,3,4,5,5
1630,WMT,2014-03-18,4,3,3,3,4,5,5
1629,WMT,2014-03-19,4,3,3,3,4,5,5
1628,WMT,2014-03-20,4,3,3,3,4,5,5
1627,WMT,2014-03-21,4,3,3,3,4,5,5
1626,WMT,2014-03-24,4,3,3,3,4,5,5
1625,WMT,2014-03-25,4,3,3,3,4,5,5
1624,WMT,2014-03-26,4,3,3,3,4,5,5
1623,WMT,2014-03-27,4,3,3,3,4,5,5
1622,WMT,2014-03-28,4,3,3,3,4,5,5
1621,WMT,2014-03-31,4,3,3,3,4,5,5
1620,WMT,2014-04-01,4,3,3,3,4,5,5
1619,WMT,2014-04-02,4,3,3,3,4,5,5
1618,WMT,2014-04-03,4,3,3,3,4,5,5
1617,WMT,2014-04-04,4,3,3,3,4,5,5
1616,WMT,2014-04-07,4,3,3,3,4,5,5
1615,WMT,2014-04-08,4,3,3,3,4,5,5
1614,WMT,2014-04-09,4,3,3,3,4,5,5
1613,WMT,2014-04-10,4,3,3,3,4,5,5
1612,WMT,2014-04-11,4,3,3,3,4,5,5
1611,WMT,2014-04-14,4,3,3,3,4,5,5
1610,WMT,2014-04-15,4,3,3,3,4,5,5
1609,WMT,2014-04-16,4,3,3,3,4,5,5
1608,WMT,2014-04-17,4,3,3,3,4,5,5
1607,WMT,2014-04-21,4,3,3,3,4,5,5
1606,WMT,2014-04-22,4,3,3,3,4,5,5
1605,WMT,2014-04-23,4,3,3,3,4,5,5
1604,WMT,2014-04-24,4,3,3,3,4,5,5
1603,WMT,2014-04-25,4,3,3,3,4,5,5
1602,WMT,2014-04-28,4,3,3,3,4,5,5
1601,WMT,2014-04-29,4,3,3,3,4,5,5
1600,WMT,2014-04-30,4,3,3,3,4,5,5
1599,WMT,2014-05-01,4,3,3,3,4,5,5
1598,WMT,2014-05-02,4,3,3,3,4,5,5
1597,WMT,2014-05-05,4,3,3,3,4,5,5
1596,WMT,2014-05-06,4,3,3,3,4,5,5
1595,WMT,2014-05-07,4,3,3,3,4,5,5
1594,WMT,2014-05-08,4,3,3,3,4,5,5
1593,WMT,2014-05-09,4,3,3,3,4,5,5
1592,WMT,2014-05-12,4,3,3,3,4,5,5
1591,WMT,2014-05-13,4,3,3,3,4,5,5
1590,WMT,2014-05-14,4,3,3,3,4,5,5
1589,WMT,2014-05-15,4,3,3,3,4,5,5
1588,WMT,2014-05-16,4,3,3,3,4,5,5
1587,WMT,2014-05-19,4,3,3,3,4,5,5
1586,WMT,2014-05-20,4,3,3,3,4,5,5
1585,WMT,2014-05-21,4,3,3,3,4,5,5
1584,WMT,2014-05-22,4,3,3,3,4,5,5
1583,WMT,2014-05-23,4,3,3,3,4,5,5
1582,WMT,2014-05-27,4,3,3,3,4,5,5
1581,WMT,2014-05-28,4,3,3,3,4,5,5
1580,WMT,2014-05-29,4,3,3,3,4,5,5
1579,WMT,2014-05-30,4,3,3,3,4,5,5
1578,WMT,2014-06-02,4,3,3,3,4,5,5
1577,WMT,2014-06-03,4,3,3,3,4,5,5
1576,WMT,2014-06-04,4,3,3,3,4,5,5
1575,WMT,2014-06-05,4,3,3,3,4,5,5
1574,WMT,2014-06-06,4,3,3,3,4,5,5
1573,WMT,2014-06-09,4,3,3,3,4,5,5
1572,WMT,2014-06-10,4,3,3,3,4,5,5
1571,WMT,2014-06-11,4,3,3,3,4,5,5
1570,WMT,2014-06-12,4,3,3,3,4,5,5
1569,WMT,2014-06-13,4,3,3,3,4,5,5
1568,WMT,2014-06-16,4,3,3,3,4,5,5
1567,WMT,2014-06-17,4,3,3,3,4,5,5
1566,WMT,2014-06-18,4,3,3,3,4,5,5
1565,WMT,2014-06-19,4,3,3,3,4,5,5
1564,WMT,2014-06-20,4,3,3,3,4,5,5
1563,WMT,2014-06-23,4,3,3,3,4,5,5
1562,WMT,2014-06-24,4,3,3,3,4,5,5
1561,WMT,2014-06-25,4,3,3,3,4,5,5
1560,WMT,2014-06-26,4,3,3,3,4,5,5
1559,WMT,2014-06-27,4,3,3,3,4,5,5
1558,WMT,2014-06-30,4,3,3,3,4,5,5
1557,WMT,2014-07-01,4,3,3,3,4,5,5
1556,WMT,2014-07-02,4,3,3,3,4,5,5
1555,WMT,2014-07-03,4,3,3,3,4,5,5
1554,WMT,2014-07-07,4,3,3,3,4,5,5
1553,WMT,2014-07-08,4,3,3,3,4,5,5
1552,WMT,2014-07-09,4,3,3,3,4,5,5
1551,WMT,2014-07-10,4,3,3,3,4,5,5
1550,WMT,2014-07-11,4,3,3,3,4,5,5
1549,WMT,2014-07-14,4,3,3,3,4,5,5
1548,WMT,2014-07-15,4,3,3,3,4,5,5
1547,WMT,2014-07-16,4,3,3,3,4,5,5
1546,WMT,2014-07-17,4,3,3,3,4,5,5
1545,WMT,2014-07-18,4,3,3,3,4,5,5
1544,WMT,2014-07-21,4,3,3,3,4,5,5
1543,WMT,2014-07-22,4,3,3,3,4,5,5
1542,WMT,2014-07-23,4,3,3,3,4,5,5
1541,WMT,2014-07-24,4,3,3,3,4,5,5
1540,WMT,2014-07-25,4,3,3,3,4,5,5
1539,WMT,2014-07-28,4,3,3,3,4,5,5
1538,WMT,2014-07-29,4,3,3,3,4,5,5
1537,WMT,2014-07-30,4,3,3,3,4,5,5
1536,WMT,2014-07-31,4,3,3,3,4,5,5
1535,WMT,2014-08-01,4,3,3,3,4,5,5
1534,WMT,2014-08-04,4,3,3,3,4,5,5
1533,WMT,2014-08-05,4,3,3,3,4,5,5
1532,WMT,2014-08-06,4,3,3,3,4,5,5
1531,WMT,2014-08-07,4,3,3,3,4,5,5
1530,WMT,2014-08-08,4,3,3,3,4,5,5
1529,WMT,2014-08-11,4,3,3,3,4,5,5
1528,WMT,2014-08-12,4,3,3,3,4,5,5
1527,WMT,2014-08-13,4,3,3,3,4,5,5
1526,WMT,2014-08-14,4,3,3,3,4,5,5
1525,WMT,2014-08-15,4,3,3,3,4,5,5
1524,WMT,2014-08-18,4,3,3,3,4,5,5
1523,WMT,2014-08-19,4,3,3,3,4,5,5
1522,WMT,2014-08-20,4,3,3,3,4,5,5
1521,WMT,2014-08-21,4,3,3,3,4,5,5
1520,WMT,2014-08-22,4,3,3,3,4,5,5
1519,WMT,2014-08-25,4,3,3,3,4,5,5
1518,WMT,2014-08-26,4,3,3,3,4,5,5
1517,WMT,2014-08-27,4,3,3,3,4,5,5
1516,WMT,2014-08-28,4,3,3,3,4,5,5
1515,WMT,2014-08-29,4,3,3,3,4,5,5
1514,WMT,2014-09-02,4,3,3,3,4,5,5
1513,WMT,2014-09-03,4,3,3,3,4,5,5
1512,WMT,2014-09-04,4,3,3,3,4,5,5
1511,WMT,2014-09-05,4,3,3,3,4,5,5
1510,WMT,2014-09-08,4,3,3,3,4,5,5
1509,WMT,2014-09-09,4,3,3,3,4,5,5
1508,WMT,2014-09-10,4,3,3,3,4,5,5
1507,WMT,2014-09-11,4,3,3,3,4,5,5
1506,WMT,2014-09-12,4,3,3,3,4,5,5
1505,WMT,2014-09-15,4,3,3,3,4,5,5
1504,WMT,2014-09-16,4,3,3,3,4,5,5
1503,WMT,2014-09-17,4,3,3,3,4,5,5
1502,WMT,2014-09-18,4,3,3,3,4,5,5
1501,WMT,2014-09-19,4,3,3,3,4,5,5
1500,WMT,2014-09-22,4,3,3,3,4,5,5
1499,WMT,2014-09-23,4,3,3,3,4,5,5
1498,WMT,2014-09-24,4,3,3,3,4,5,5
1497,WMT,2014-09-25,4,3,3,3,4,5,5
1496,WMT,2014-09-26,4,3,3,3,4,5,5
1495,WMT,2014-09-29,4,3,3,3,4,5,5
1494,WMT,2014-09-30,4,3,3,3,4,5,5
1493,WMT,2014-10-01,4,3,3,3,4,5,5
1492,WMT,2014-10-02,4,3,3,3,4,5,5
1491,WMT,2014-10-03,4,3,3,3,4,5,5
1490,WMT,2014-10-06,4,3,3,3,4,5,5
1489,WMT,2014-10-07,4,3,3,3,4,5,5
1488,WMT,2014-10-08,4,3,3,3,4,5,5
1487,WMT,2014-10-09,4,3,3,3,4,5,5
1486,WMT,2014-10-10,4,3,3,3,4,5,5
1485,WMT,2014-10-13,4,3,3,3,4,5,5
1484,WMT,2014-10-14,4,3,3,3,4,5,5
1483,WMT,2014-10-15,4,3,3,3,4,5,5
1482,WMT,2014-10-16,4,3,3,3,4,5,5
1481,WMT,2014-10-17,4,3,3,3,4,5,5
1480,WMT,2014-10-20,4,3,3,3,4,5,5
1479,WMT,2014-10-21,4,3,3,3,4,5,5
1478,WMT,2014-10-22,4,3,3,3,4,5,5
1477,WMT,2014-10-23,4,3,3,3,4,5,5
1476,WMT,2014-10-24,4,3,3,3,4,5,5
1475,WMT,2014-10-27,4,3,3,3,4,5,5
1474,WMT,2014-10-28,4,3,3,3,4,5,5
1473,WMT,2014-10-29,4,3,3,3,4,5,5
1472,WMT,2014-10-30,4,3,3,3,4,5,5
1471,WMT,2014-10-31,4,3,3,3,4,5,5
1470,WMT,2014-11-03,4,3,3,3,4,5,5
1469,WMT,2014-11-04,4,3,3,3,4,5,5
1468,WMT,2014-11-05,4,3,3,3,4,5,5
1467,WMT,2014-11-06,4,3,3,3,4,5,5
1466,WMT,2014-11-07,4,3,3,3,4,5,5
1465,WMT,2014-11-10,4,3,3,3,4,5,5
1464,WMT,2014-11-11,4,3,3,3,4,5,5
1463,WMT,2014-11-12,4,3,3,3,4,5,5
1462,WMT,2014-11-13,4,3,3,3,4,5,5
1461,WMT,2014-11-14,4,3,3,3,4,5,5
1460,WMT,2014-11-17,4,3,3,3,4,5,5
1459,WMT,2014-11-18,4,3,3,3,4,5,5
1458,WMT,2014-11-19,4,3,3,3,4,5,5
1457,WMT,2014-11-20,4,3,3,3,4,5,5
1456,WMT,2014-11-21,4,3,3,3,4,5,5
1455,WMT,2014-11-24,4,3,3,3,4,5,5
1454,WMT,2014-11-25,4,3,3,3,4,5,5
1453,WMT,2014-11-26,4,3,3,3,4,5,5
1452,WMT,2014-11-28,4,3,3,3,4,5,5
1451,WMT,2014-12-01,4,3,3,3,4,5,5
1450,WMT,2014-12-02,4,3,3,3,4,5,5
1449,WMT,2014-12-03,4,3,3,3,4,5,5
1448,WMT,2014-12-04,4,3,3,3,4,5,5
1447,WMT,2014-12-05,4,3,3,3,4,5,5
1446,WMT,2014-12-08,4,3,3,3,4,5,5
1445,WMT,2014-12-09,4,3,3,3,4,5,5
1444,WMT,2014-12-10,4,3,3,3,4,5,5
1443,WMT,2014-12-11,4,3,3,3,4,5,5
1442,WMT,2014-12-12,4,3,3,3,4,5,5
1441,WMT,2014-12-15,4,3,3,3,4,5,5
1440,WMT,2014-12-16,4,3,3,3,4,5,5
1439,WMT,2014-12-17,4,3,3,3,4,5,5
1438,WMT,2014-12-18,4,3,3,3,4,5,5
1437,WMT,2014-12-19,4,3,3,3,4,5,5
1436,WMT,2014-12-22,4,3,3,3,4,5,5
1435,WMT,2014-12-23,4,3,3,3,4,5,5
1434,WMT,2014-12-24,4,3,3,3,4,5,5
1433,WMT,2014-12-26,4,3,3,3,4,5,5
1432,WMT,2014-12-29,4,3,3,3,4,5,5
1431,WMT,2014-12-30,4,3,3,3,4,5,5
1430,WMT,2014-12-31,4,3,3,3,4,5,5
1429,WMT,2015-01-02,4,3,3,3,4,5,5
1428,WMT,2015-01-05,4,3,3,3,4,5,5
1427,WMT,2015-01-06,4,3,3,3,4,5,5
1426,WMT,2015-01-07,4,3,3,3,4,5,5
1425,WMT,2015-01-08,4,3,3,3,4,5,5
1424,WMT,2015-01-09,4,3,3,3,4,5,5
1423,WMT,2015-01-12,4,3,3,3,4,5,5
1422,WMT,2015-01-13,4,3,3,3,4,5,5
1421,WMT,2015-01-14,4,3,3,3,4,5,5
1420,WMT,2015-01-15,4,3,3,3,4,5,5
1419,WMT,2015-01-16,4,3,3,3,4,5,5
1418,WMT,2015-01-20,4,3,3,3,4,5,5
1417,WMT,2015-01-21,4,3,3,3,4,5,5
1416,WMT,2015-01-22,4,3,3,3,4,5,5
1415,WMT,2015-01-23,4,3,3,3,4,5,5
1414,WMT,2015-01-26,4,3,3,3,4,5,5
1413,WMT,2015-01-27,4,3,3,3,4,5,5
1412,WMT,2015-01-28,4,3,3,3,4,5,5
1411,WMT,2015-01-29,4,3,3,3,4,5,5
1410,WMT,2015-01-30,4,3,3,3,4,5,5
1409,WMT,2015-02-02,4,3,3,3,4,5,5
1408,WMT,2015-02-03,4,3,3,3,4,5,5
1407,WMT,2015-02-04,4,3,3,3,4,5,5
1406,WMT,2015-02-05,4,3,3,3,4,5,5
1405,WMT,2015-02-06,4,3,3,3,4,5,5
1404,WMT,2015-02-09,4,3,3,3,4,5,5
1403,WMT,2015-02-10,4,3,3,3,4,5,5
1402,WMT,2015-02-11,4,3,3,3,4,5,5
1401,WMT,2015-02-12,4,3,3,3,4,5,5
1400,WMT,2015-02-13,4,3,3,3,4,5,5
1399,WMT,2015-02-17,4,3,3,3,4,5,5
1398,WMT,2015-02-18,4,3,3,3,4,5,5
1397,WMT,2015-02-19,4,3,3,3,4,5,5
1396,WMT,2015-02-20,4,3,3,3,4,5,5
1395,WMT,2015-02-23,4,3,3,3,4,5,5
1394,WMT,2015-02-24,4,3,3,3,4,5,5
1393,WMT,2015-02-25,4,3,3,3,4,5,5
1392,WMT,2015-02-26,4,3,3,3,4,5,5
1391,WMT,2015-02-27,4,3,3,3,4,5,5
1390,WMT,2015-03-02,4,3,3,3,4,5,5
1389,WMT,2015-03-03,4,3,3,3,4,5,5
1388,WMT,2015-03-04,4,3,3,3,4,5,5
1387,WMT,2015-03-05,4,3,3,3,4,5,5
1386,WMT,2015-03-06,4,3,3,3,4,5,5
1385,WMT,2015-03-09,4,3,3,3,4,5,5
1384,WMT,2015-03-10,4,3,3,3,4,5,5
1383,WMT,2015-03-11,4,3,3,3,4,5,5
1382,WMT,2015-03-12,4,3,3,3,4,5,5
1381,WMT,2015-03-13,4,3,3,3,4,5,5
1380,WMT,2015-03-16,4,3,3,3,4,5,5
1379,WMT,2015-03-17,4,3,3,3,4,5,5
1378,WMT,2015-03-18,4,3,3,3,4,5,5
1377,WMT,2015-03-19,4,3,3,3,4,5,5
1376,WMT,2015-03-20,4,3,3,3,4,5,5
1375,WMT,2015-03-23,4,3,3,3,4,5,5
1374,WMT,2015-03-24,4,3,3,3,4,5,5
1373,WMT,2015-03-25,4,3,3,3,4,5,5
1372,WMT,2015-03-26,4,3,3,3,4,5,5
1371,WMT,2015-03-27,4,3,3,3,4,5,5
1370,WMT,2015-03-30,4,3,3,3,4,5,5
1369,WMT,2015-03-31,4,3,3,3,4,5,5
1368,WMT,2015-04-01,4,3,3,3,4,5,5
1367,WMT,2015-04-02,4,3,3,3,4,5,5
1366,WMT,2015-04-06,4,3,3,3,4,5,5
1365,WMT,2015-04-07,4,3,3,3,4,5,5
1364,WMT,2015-04-08,4,3,3,3,4,5,5
1363,WMT,2015-04-09,4,3,3,3,4,5,5
1362,WMT,2015-04-10,4,3,3,3,4,5,5
1361,WMT,2015-04-13,4,3,3,3,4,5,5
1360,WMT,2015-04-14,4,3,3,3,4,5,5
1359,WMT,2015-04-15,4,3,3,3,4,5,5
1358,WMT,2015-04-16,4,3,3,3,4,5,5
1357,WMT,2015-04-17,4,3,3,3,4,5,5
1356,WMT,2015-04-20,4,3,3,3,4,5,5
1355,WMT,2015-04-21,4,3,3,3,4,5,5
1354,WMT,2015-04-22,4,3,3,3,4,5,5
1353,WMT,2015-04-23,4,3,3,3,4,5,5
1352,WMT,2015-04-24,4,3,3,3,4,5,5
1351,WMT,2015-04-27,4,3,3,3,4,5,5
1350,WMT,2015-04-28,4,3,3,3,4,5,5
1349,WMT,2015-04-29,4,3,3,3,4,5,5
1348,WMT,2015-04-30,4,3,3,3,4,5,5
1347,WMT,2015-05-01,4,3,3,3,4,5,5
1346,WMT,2015-05-04,4,3,3,3,4,5,5
1345,WMT,2015-05-05,4,3,3,3,4,5,5
1344,WMT,2015-05-06,4,3,3,3,4,5,5
1343,WMT,2015-05-07,4,3,3,3,4,5,5
1342,WMT,2015-05-08,4,3,3,3,4,5,5
1341,WMT,2015-05-11,4,3,3,3,4,5,5
1340,WMT,2015-05-12,4,3,3,3,4,5,5
1339,WMT,2015-05-13,4,3,3,3,4,5,5
1338,WMT,2015-05-14,4,3,3,3,4,5,5
1337,WMT,2015-05-15,4,3,3,3,4,5,5
1336,WMT,2015-05-18,4,3,3,3,4,5,5
1335,WMT,2015-05-19,4,3,3,3,4,5,5
1334,WMT,2015-05-20,4,3,3,3,4,5,5
1333,WMT,2015-05-21,4,3,3,3,4,5,5
1332,WMT,2015-05-22,4,3,3,3,4,5,5
1331,WMT,2015-05-26,4,3,3,3,4,5,5
1330,WMT,2015-05-27,4,3,3,3,4,5,5
1329,WMT,2015-05-28,4,3,3,3,4,5,5
1328,WMT,2015-05-29,4,3,3,3,4,5,5
1327,WMT,2015-06-01,4,3,3,3,4,5,5
1326,WMT,2015-06-02,4,3,3,3,4,5,5
1325,WMT,2015-06-03,4,3,3,3,4,5,5
1324,WMT,2015-06-04,4,3,3,3,4,5,5
1323,WMT,2015-06-05,4,3,3,3,4,5,5
1322,WMT,2015-06-08,4,3,3,3,4,5,5
1321,WMT,2015-06-09,4,3,3,3,4,5,5
1320,WMT,2015-06-10,4,3,3,3,4,5,5
1319,WMT,2015-06-11,4,3,3,3,4,5,5
1318,WMT,2015-06-12,4,3,3,3,4,5,5
1317,WMT,2015-06-15,4,3,3,3,4,5,5
1316,WMT,2015-06-16,4,3,3,3,4,5,5
1315,WMT,2015-06-17,4,3,3,3,4,5,5
1314,WMT,2015-06-18,4,3,3,3,4,5,5
1313,WMT,2015-06-19,4,3,3,3,4,5,5
1312,WMT,2015-06-22,4,3,3,3,4,5,5
1311,WMT,2015-06-23,4,3,3,3,4,5,5
1310,WMT,2015-06-24,4,3,3,3,4,5,5
1309,WMT,2015-06-25,4,3,3,3,4,5,5
1308,WMT,2015-06-26,4,3,3,3,4,5,5
1307,WMT,2015-06-29,4,3,3,3,4,5,5
1306,WMT,2015-06-30,4,3,3,3,4,5,5
1305,WMT,2015-07-01,4,3,3,3,4,5,5
1304,WMT,2015-07-02,4,3,3,3,4,5,5
1303,WMT,2015-07-06,4,3,3,3,4,5,5
1302,WMT,2015-07-07,4,3,3,3,4,5,5
1301,WMT,2015-07-08,4,3,3,3,4,5,5
1300,WMT,2015-07-09,4,3,3,3,4,5,5
1299,WMT,2015-07-10,4,3,3,3,4,5,5
1298,WMT,2015-07-13,4,3,3,3,4,5,5
1297,WMT,2015-07-14,4,3,3,3,4,5,5
1296,WMT,2015-07-15,4,3,3,3,4,5,5
1295,WMT,2015-07-16,4,3,3,3,4,5,5
1294,WMT,2015-07-17,4,3,3,3,4,5,5
1293,WMT,2015-07-20,4,3,3,3,4,5,5
1292,WMT,2015-07-21,4,3,3,3,4,5,5
1291,WMT,2015-07-22,4,3,3,3,4,5,5
1290,WMT,2015-07-23,4,3,3,3,4,5,5
1289,WMT,2015-07-24,4,3,3,3,4,5,5
1288,WMT,2015-07-27,4,3,3,3,4,5,5
1287,WMT,2015-07-28,4,3,3,3,4,5,5
1286,WMT,2015-07-29,4,3,3,3,4,5,5
1285,WMT,2015-07-30,4,3,3,3,4,5,5
1284,WMT,2015-07-31,4,3,3,3,4,5,5
1283,WMT,2015-08-03,4,3,3,3,4,5,5
1282,WMT,2015-08-04,4,3,3,3,4,5,5
1281,WMT,2015-08-05,4,3,3,3,4,5,5
1280,WMT,2015-08-06,4,3,3,3,4,5,5
1279,WMT,2015-08-07,4,3,3,3,4,5,5
1278,WMT,2015-08-10,4,3,3,3,4,5,5
1277,WMT,2015-08-11,4,3,3,3,4,5,5
1276,WMT,2015-08-12,4,3,3,3,4,5,5
1275,WMT,2015-08-13,4,3,3,3,4,5,5
1274,WMT,2015-08-14,4,3,3,3,4,5,5
1273,WMT,2015-08-17,4,3,3,3,4,5,5
1272,WMT,2015-08-18,4,3,3,3,4,5,5
1271,WMT,2015-08-19,4,3,3,3,4,5,5
1270,WMT,2015-08-20,4,3,3,3,4,5,5
1269,WMT,2015-08-21,4,3,3,3,4,5,5
1268,WMT,2015-08-24,4,3,3,3,4,5,5
1267,WMT,2015-08-25,4,3,3,3,4,5,5
1266,WMT,2015-08-26,4,3,3,3,4,5,5
1265,WMT,2015-08-27,4,3,3,3,4,5,5
1264,WMT,2015-08-28,4,3,3,3,4,5,5
1263,WMT,2015-08-31,4,3,3,3,4,5,5
1262,WMT,2015-09-01,4,3,3,3,4,5,5
1261,WMT,2015-09-02,4,3,3,3,4,5,5
1260,WMT,2015-09-03,4,3,3,3,4,5,5
1259,WMT,2015-09-04,4,3,3,3,4,5,5
1258,WMT,2015-09-08,4,3,3,3,4,5,5
1257,WMT,2015-09-09,4,3,3,3,4,5,5
1256,WMT,2015-09-10,4,3,3,3,4,5,5
1255,WMT,2015-09-11,4,3,3,3,4,5,5
1254,WMT,2015-09-14,4,3,3,3,4,5,5
1253,WMT,2015-09-15,4,3,3,3,4,5,5
1252,WMT,2015-09-16,4,3,3,3,4,5,5
1251,WMT,2015-09-17,4,3,3,3,4,5,5
1250,WMT,2015-09-18,4,3,3,3,4,5,5
1249,WMT,2015-09-21,4,3,3,3,4,5,5
1248,WMT,2015-09-22,4,3,3,3,4,5,5
1247,WMT,2015-09-23,4,3,3,3,4,5,5
1246,WMT,2015-09-24,4,3,3,3,4,5,5
1245,WMT,2015-09-25,4,3,3,3,4,5,5
1244,WMT,2015-09-28,4,3,3,3,4,5,5
1243,WMT,2015-09-29,4,3,3,3,4,5,5
1242,WMT,2015-09-30,4,3,3,3,4,5,5
1241,WMT,2015-10-01,4,3,3,3,4,5,5
1240,WMT,2015-10-02,4,3,3,3,4,5,5
1239,WMT,2015-10-05,4,3,3,3,4,5,5
1238,WMT,2015-10-06,4,3,3,3,4,5,5
1237,WMT,2015-10-07,4,3,3,3,4,5,5
1236,WMT,2015-10-08,4,3,3,3,4,5,5
1235,WMT,2015-10-09,4,3,3,3,4,5,5
1234,WMT,2015-10-12,4,3,3,3,4,5,5
1233,WMT,2015-10-13,4,3,3,3,4,5,5
1232,WMT,2015-10-14,4,3,3,3,4,5,5
1231,WMT,2015-10-15,4,3,3,3,4,5,5
1230,WMT,2015-10-16,4,3,3,3,4,5,5
1229,WMT,2015-10-19,4,3,3,3,4,5,5
1228,WMT,2015-10-20,4,3,3,3,4,5,5
1227,WMT,2015-10-21,4,3,3,3,4,5,5
1226,WMT,2015-10-22,4,3,3,3,4,5,5
1225,WMT,2015-10-23,4,3,3,3,4,5,5
1224,WMT,2015-10-26,4,3,3,3,4,5,5
1223,WMT,2015-10-27,4,3,3,3,4,5,5
1222,WMT,2015-10-28,4,3,3,3,4,5,5
1221,WMT,2015-10-29,4,3,3,3,4,5,5
1220,WMT,2015-10-30,4,3,3,3,4,5,5
1219,WMT,2015-11-02,4,3,3,3,4,5,5
1218,WMT,2015-11-03,4,3,3,3,4,5,5
1217,WMT,2015-11-04,4,3,3,3,4,5,5
1216,WMT,2015-11-05,4,3,3,3,4,5,5
1215,WMT,2015-11-06,4,3,3,3,4,5,5
1214,WMT,2015-11-09,4,3,3,3,4,5,5
1213,WMT,2015-11-10,4,3,3,3,4,5,5
1212,WMT,2015-11-11,4,3,3,3,4,5,5
1211,WMT,2015-11-12,4,3,3,3,4,5,5
1210,WMT,2015-11-13,4,3,3,3,4,5,5
1209,WMT,2015-11-16,4,3,3,3,4,5,5
1208,WMT,2015-11-17,4,3,3,3,4,5,5
1207,WMT,2015-11-18,4,3,3,3,4,5,5
1206,WMT,2015-11-19,4,3,3,3,4,5,5
1205,WMT,2015-11-20,4,3,3,3,4,5,5
1204,WMT,2015-11-23,4,3,3,3,4,5,5
1203,WMT,2015-11-24,4,3,3,3,4,5,5
1202,WMT,2015-11-25,4,3,3,3,4,5,5
1201,WMT,2015-11-27,4,3,3,3,4,5,5
1200,WMT,2015-11-30,4,3,3,3,4,5,5
1199,WMT,2015-12-01,4,3,3,3,4,5,5
1198,WMT,2015-12-02,4,3,3,3,4,5,5
1197,WMT,2015-12-03,4,3,3,3,4,5,5
1196,WMT,2015-12-04,4,3,3,3,4,5,5
1195,WMT,2015-12-07,4,3,3,3,4,5,5
1194,WMT,2015-12-08,4,3,3,3,4,5,5
1193,WMT,2015-12-09,4,3,3,3,4,5,5
1192,WMT,2015-12-10,4,3,3,3,4,5,5
1191,WMT,2015-12-11,4,3,3,3,4,5,5
1190,WMT,2015-12-14,4,3,3,3,4,5,5
1189,WMT,2015-12-15,4,3,3,3,4,5,5
1188,WMT,2015-12-16,4,3,3,3,4,5,5
1187,WMT,2015-12-17,4,3,3,3,4,5,5
1186,WMT,2015-12-18,4,3,3,3,4,5,5
1185,WMT,2015-12-21,4,3,3,3,4,5,5
1184,WMT,2015-12-22,4,3,3,3,4,5,5
1183,WMT,2015-12-23,4,3,3,3,4,5,5
1182,WMT,2015-12-24,4,3,3,3,4,5,5
1181,WMT,2015-12-28,4,3,3,3,4,5,5
1180,WMT,2015-12-29,4,3,3,3,4,5,5
1179,WMT,2015-12-30,4,3,3,3,4,5,5
1178,WMT,2015-12-31,4,3,3,3,4,5,5
1177,WMT,2016-01-04,4,3,3,3,4,5,5
1176,WMT,2016-01-05,4,3,3,3,4,5,5
1175,WMT,2016-01-06,4,3,3,3,4,5,5
1174,WMT,2016-01-07,4,3,3,3,4,5,5
1173,WMT,2016-01-08,4,3,3,3,4,5,5
1172,WMT,2016-01-11,4,3,3,3,4,5,5
1171,WMT,2016-01-12,4,3,3,3,4,5,5
1170,WMT,2016-01-13,4,3,3,3,4,5,5
1169,WMT,2016-01-14,4,3,3,3,4,5,5
1168,WMT,2016-01-15,4,3,3,3,4,5,5
1167,WMT,2016-01-19,4,3,3,3,4,5,5
1166,WMT,2016-01-20,4,3,3,3,4,5,5
1165,WMT,2016-01-21,4,3,3,3,4,5,5
1164,WMT,2016-01-22,4,3,3,3,4,5,5
1163,WMT,2016-01-25,4,3,3,3,4,5,5
1162,WMT,2016-01-26,4,3,3,3,4,5,5
1161,WMT,2016-01-27,4,3,3,3,4,5,5
1160,WMT,2016-01-28,4,3,3,3,4,5,5
1159,WMT,2016-01-29,4,3,3,3,4,5,5
1158,WMT,2016-02-01,4,4,3,3,4,5,5
1157,WMT,2016-02-02,4,4,3,3,4,5,5
1156,WMT,2016-02-03,4,4,3,3,4,5,5
1155,WMT,2016-02-04,4,4,3,3,4,5,5
1154,WMT,2016-02-05,4,4,3,3,4,5,5
1153,WMT,2016-02-08,4,4,3,3,4,5,5
1152,WMT,2016-02-09,4,4,3,3,4,5,5
1151,WMT,2016-02-10,4,4,3,3,4,5,5
1150,WMT,2016-02-11,4,4,3,3,4,5,5
1149,WMT,2016-02-12,4,4,3,3,4,5,5
1148,WMT,2016-02-16,4,4,3,3,4,5,5
1147,WMT,2016-02-17,4,4,3,3,4,5,5
1146,WMT,2016-02-18,4,4,3,3,4,5,5
1145,WMT,2016-02-19,4,4,3,3,4,5,5
1144,WMT,2016-02-22,4,4,3,3,4,5,5
1143,WMT,2016-02-23,4,4,3,3,4,5,5
1142,WMT,2016-02-24,4,4,3,3,4,5,5
1141,WMT,2016-02-25,4,4,3,3,4,5,5
1140,WMT,2016-02-26,4,4,3,3,4,5,5
1139,WMT,2016-02-29,4,4,3,3,4,5,5
1138,WMT,2016-03-01,4,4,3,3,4,5,5
1137,WMT,2016-03-02,4,4,3,3,4,5,5
1136,WMT,2016-03-03,4,4,3,3,4,5,5
1135,WMT,2016-03-04,4,4,3,3,4,5,5
1134,WMT,2016-03-07,4,4,3,3,4,5,5
1133,WMT,2016-03-08,4,4,3,3,4,5,5
1132,WMT,2016-03-09,4,4,3,3,4,5,5
1131,WMT,2016-03-10,4,4,3,3,4,5,5
1130,WMT,2016-03-11,4,4,3,3,4,5,5
1129,WMT,2016-03-14,4,4,3,3,4,5,5
1128,WMT,2016-03-15,4,4,3,3,4,5,5
1127,WMT,2016-03-16,4,4,3,3,4,5,5
1126,WMT,2016-03-17,4,4,3,3,4,5,5
1125,WMT,2016-03-18,4,4,3,3,4,5,5
1124,WMT,2016-03-21,4,4,3,3,4,5,5
1123,WMT,2016-03-22,4,4,3,3,4,5,5
1122,WMT,2016-03-23,4,4,3,3,4,5,5
1121,WMT,2016-03-24,4,4,3,3,4,5,5
1120,WMT,2016-03-28,4,4,3,3,4,5,5
1119,WMT,2016-03-29,4,4,3,3,4,5,5
1118,WMT,2016-03-30,4,4,3,3,4,5,5
1117,WMT,2016-03-31,4,4,3,3,4,5,5
1116,WMT,2016-04-01,4,4,3,3,4,5,5
1115,WMT,2016-04-04,4,4,3,3,4,5,5
1114,WMT,2016-04-05,4,4,3,3,4,5,5
1113,WMT,2016-04-06,4,4,3,3,4,5,5
1112,WMT,2016-04-07,4,4,3,3,4,5,5
1111,WMT,2016-04-08,4,4,3,3,4,5,5
1110,WMT,2016-04-11,4,4,3,3,4,5,5
1109,WMT,2016-04-12,4,4,3,3,4,5,5
1108,WMT,2016-04-13,4,4,3,3,4,5,5
1107,WMT,2016-04-14,4,4,3,3,4,5,5
1106,WMT,2016-04-15,4,4,3,3,4,5,5
1105,WMT,2016-04-18,4,4,3,3,4,5,5
1104,WMT,2016-04-19,4,4,3,3,4,5,5
1103,WMT,2016-04-20,4,4,3,3,4,5,5
1102,WMT,2016-04-21,4,4,3,3,4,5,5
1101,WMT,2016-04-22,4,4,3,3,4,5,5
1100,WMT,2016-04-25,4,4,3,3,4,5,5
1099,WMT,2016-04-26,4,4,3,3,4,5,5
1098,WMT,2016-04-27,4,4,3,3,4,5,5
1097,WMT,2016-04-28,4,4,3,3,4,5,5
1096,WMT,2016-04-29,4,4,3,3,4,5,5
1095,WMT,2016-05-02,4,3,3,3,4,5,5
1094,WMT,2016-05-03,4,3,3,3,4,5,5
1093,WMT,2016-05-04,4,3,3,3,4,5,5
1092,WMT,2016-05-05,4,3,3,3,4,5,5
1091,WMT,2016-05-06,4,3,3,3,4,5,5
1090,WMT,2016-05-09,4,3,3,3,4,5,5
1089,WMT,2016-05-10,4,3,3,3,4,5,5
1088,WMT,2016-05-11,4,3,3,3,4,5,5
1087,WMT,2016-05-12,4,3,3,3,4,5,5
1086,WMT,2016-05-13,4,3,3,3,4,5,5
1085,WMT,2016-05-16,4,3,3,3,4,5,5
1084,WMT,2016-05-17,4,3,3,3,4,5,5
1083,WMT,2016-05-18,4,3,3,3,4,5,5
1082,WMT,2016-05-19,4,3,3,3,4,5,5
1081,WMT,2016-05-20,4,3,3,3,4,5,5
1080,WMT,2016-05-23,4,3,3,3,4,5,5
1079,WMT,2016-05-24,4,3,3,3,4,5,5
1078,WMT,2016-05-25,4,3,3,3,4,5,5
1077,WMT,2016-05-26,4,3,3,3,4,5,5
1076,WMT,2016-05-27,4,3,3,3,4,5,5
1075,WMT,2016-05-31,4,3,3,3,4,5,5
1074,WMT,2016-06-01,4,3,3,3,4,5,5
1073,WMT,2016-06-02,4,3,3,3,4,5,5
1072,WMT,2016-06-03,4,3,3,3,4,5,5
1071,WMT,2016-06-06,4,3,3,3,4,5,5
1070,WMT,2016-06-07,4,3,3,3,4,5,5
1069,WMT,2016-06-08,4,3,3,3,4,5,5
1068,WMT,2016-06-09,4,3,3,3,4,5,5
1067,WMT,2016-06-10,4,3,3,3,4,5,5
1066,WMT,2016-06-13,4,3,3,3,4,5,5
1065,WMT,2016-06-14,4,3,3,3,4,5,5
1064,WMT,2016-06-15,4,3,3,3,4,5,5
1063,WMT,2016-06-16,4,3,3,3,4,5,5
1062,WMT,2016-06-17,4,3,3,3,4,5,5
1061,WMT,2016-06-20,4,3,3,3,4,5,5
1060,WMT,2016-06-21,4,3,3,3,4,5,5
1059,WMT,2016-06-22,4,3,3,3,4,5,5
1058,WMT,2016-06-23,4,3,3,3,4,5,5
1057,WMT,2016-06-24,4,3,3,3,4,5,5
1056,WMT,2016-06-27,4,3,3,3,4,5,5
1055,WMT,2016-06-28,4,3,3,3,4,5,5
1054,WMT,2016-06-29,4,3,3,3,4,5,5
1053,WMT,2016-06-30,4,3,3,3,4,5,5
1052,WMT,2016-07-01,4,3,3,3,4,5,5
1051,WMT,2016-07-05,4,3,3,3,4,5,5
1050,WMT,2016-07-06,4,3,3,3,4,5,5
1049,WMT,2016-07-07,4,3,3,3,4,5,5
1048,WMT,2016-07-08,4,3,3,3,4,5,5
1047,WMT,2016-07-11,4,3,3,3,4,5,5
1046,WMT,2016-07-12,4,3,3,3,4,5,5
1045,WMT,2016-07-13,4,3,3,3,4,5,5
1044,WMT,2016-07-14,4,3,3,3,4,5,5
1043,WMT,2016-07-15,4,3,3,3,4,5,5
1042,WMT,2016-07-18,4,3,3,3,4,5,5
1041,WMT,2016-07-19,4,3,3,3,4,5,5
1040,WMT,2016-07-20,4,3,3,3,4,5,5
1039,WMT,2016-07-21,4,3,3,3,4,5,5
1038,WMT,2016-07-22,4,3,3,3,4,5,5
1037,WMT,2016-07-25,4,3,3,3,4,5,5
1036,WMT,2016-07-26,4,3,3,3,4,5,5
1035,WMT,2016-07-27,4,3,3,3,4,5,5
1034,WMT,2016-07-28,4,3,3,3,4,5,5
1033,WMT,2016-07-29,4,3,3,3,4,5,5
1032,WMT,2016-08-01,4,3,3,3,4,5,5
1031,WMT,2016-08-02,4,3,3,3,4,5,5
1030,WMT,2016-08-03,4,3,3,3,4,5,5
1029,WMT,2016-08-04,4,3,3,3,4,5,5
1028,WMT,2016-08-05,4,3,3,3,4,5,5
1027,WMT,2016-08-08,4,3,3,3,4,5,5
1026,WMT,2016-08-09,4,3,3,3,4,5,5
1025,WMT,2016-08-10,4,3,3,3,4,5,5
1024,WMT,2016-08-11,4,3,3,3,4,5,5
1023,WMT,2016-08-12,4,3,3,3,4,5,5
1022,WMT,2016-08-15,4,3,3,3,4,5,5
1021,WMT,2016-08-16,4,3,3,3,4,5,5
1020,WMT,2016-08-17,4,3,3,3,4,5,5
1019,WMT,2016-08-18,4,3,3,3,4,5,5
1018,WMT,2016-08-19,4,3,3,3,4,5,5
1017,WMT,2016-08-22,4,3,3,3,4,5,5
1016,WMT,2016-08-23,4,3,3,3,4,5,5
1015,WMT,2016-08-24,4,3,3,3,4,5,5
1014,WMT,2016-08-25,4,3,3,3,4,5,5
1013,WMT,2016-08-26,4,3,3,3,4,5,5
1012,WMT,2016-08-29,4,3,3,3,4,5,5
1011,WMT,2016-08-30,4,3,3,3,4,5,5
1010,WMT,2016-08-31,4,3,3,3,4,5,5
1009,WMT,2016-09-01,4,3,3,3,4,5,5
1008,WMT,2016-09-02,4,3,3,3,4,5,5
1007,WMT,2016-09-06,4,3,3,3,4,5,5
1006,WMT,2016-09-07,4,3,3,3,4,5,5
1005,WMT,2016-09-08,4,3,3,3,4,5,5
1004,WMT,2016-09-09,4,3,3,3,4,5,5
1003,WMT,2016-09-12,4,3,3,3,4,5,5
1002,WMT,2016-09-13,4,3,3,3,4,5,5
1001,WMT,2016-09-14,4,3,3,3,4,5,5
1000,WMT,2016-09-15,4,3,3,3,4,5,5
999,WMT,2016-09-16,4,3,3,3,4,5,5
998,WMT,2016-09-19,4,3,3,3,4,5,5
997,WMT,2016-09-20,4,3,3,3,4,5,5
996,WMT,2016-09-21,4,3,3,3,4,5,5
995,WMT,2016-09-22,4,3,3,3,4,5,5
994,WMT,2016-09-23,4,3,3,3,4,5,5
993,WMT,2016-09-26,4,3,3,3,4,5,5
992,WMT,2016-09-27,4,3,3,3,4,5,5
991,WMT,2016-09-28,4,3,3,3,4,5,5
990,WMT,2016-09-29,4,3,3,3,4,5,5
989,WMT,2016-09-30,4,3,3,3,4,5,5
988,WMT,2016-10-03,4,3,3,3,4,5,5
987,WMT,2016-10-04,4,3,3,3,4,5,5
986,WMT,2016-10-05,4,3,3,3,4,5,5
985,WMT,2016-10-06,4,3,3,3,4,5,5
984,WMT,2016-10-07,4,3,3,3,4,5,5
983,WMT,2016-10-10,4,3,3,3,4,5,5
982,WMT,2016-10-11,4,3,3,3,4,5,5
981,WMT,2016-10-12,4,3,3,3,4,5,5
980,WMT,2016-10-13,4,3,3,3,4,5,5
979,WMT,2016-10-14,4,3,3,3,4,5,5
978,WMT,2016-10-17,4,3,3,3,4,5,5
977,WMT,2016-10-18,4,3,3,3,4,5,5
976,WMT,2016-10-19,4,3,3,3,4,5,5
975,WMT,2016-10-20,4,3,3,3,4,5,5
974,WMT,2016-10-21,4,3,3,3,4,5,5
973,WMT,2016-10-24,4,3,3,3,4,5,5
972,WMT,2016-10-25,4,3,3,3,4,5,5
971,WMT,2016-10-26,4,3,3,3,4,5,5
970,WMT,2016-10-27,4,3,3,3,4,5,5
969,WMT,2016-10-28,4,3,3,3,4,5,5
968,WMT,2016-10-31,4,3,3,3,4,5,5
967,WMT,2016-11-01,4,3,3,3,4,5,5
966,WMT,2016-11-02,4,3,3,3,4,5,5
965,WMT,2016-11-03,4,3,3,3,4,5,5
964,WMT,2016-11-04,4,3,3,3,4,5,5
963,WMT,2016-11-07,4,3,3,3,4,5,5
962,WMT,2016-11-08,4,3,3,3,4,5,5
961,WMT,2016-11-09,4,3,3,3,4,5,5
960,WMT,2016-11-10,4,3,3,3,4,5,5
959,WMT,2016-11-11,4,3,3,3,4,5,5
958,WMT,2016-11-14,4,3,3,3,4,5,5
957,WMT,2016-11-15,4,3,3,3,4,5,5
956,WMT,2016-11-16,4,3,3,3,4,5,5
955,WMT,2016-11-17,4,3,3,3,4,5,5
954,WMT,2016-11-18,4,3,3,3,4,5,5
953,WMT,2016-11-21,4,3,3,3,4,5,5
952,WMT,2016-11-22,4,3,3,3,4,5,5
951,WMT,2016-11-23,4,3,3,3,4,5,5
950,WMT,2016-11-25,4,3,3,3,4,5,5
949,WMT,2016-11-28,4,3,3,3,4,5,5
948,WMT,2016-11-29,4,3,3,3,4,5,5
947,WMT,2016-11-30,4,3,3,3,4,5,5
946,WMT,2016-12-01,4,3,3,3,4,5,5
945,WMT,2016-12-02,4,3,3,3,4,5,5
944,WMT,2016-12-05,4,3,3,3,4,5,5
943,WMT,2016-12-06,4,3,3,3,4,5,5
942,WMT,2016-12-07,4,3,3,3,4,5,5
941,WMT,2016-12-08,4,3,3,3,4,5,5
940,WMT,2016-12-09,4,3,3,3,4,5,5
939,WMT,2016-12-12,4,3,3,3,4,5,5
938,WMT,2016-12-13,4,3,3,3,4,5,5
937,WMT,2016-12-14,4,3,3,3,4,5,5
936,WMT,2016-12-15,4,3,3,3,4,5,5
935,WMT,2016-12-16,4,3,3,3,4,5,5
934,WMT,2016-12-19,4,3,3,3,4,5,5
933,WMT,2016-12-20,4,3,3,3,4,5,5
932,WMT,2016-12-21,4,3,3,3,4,5,5
931,WMT,2016-12-22,4,3,3,3,4,5,5
930,WMT,2016-12-23,4,3,3,3,4,5,5
929,WMT,2016-12-27,4,3,3,3,4,5,5
928,WMT,2016-12-28,4,3,3,3,4,5,5
927,WMT,2016-12-29,4,3,3,3,4,5,5
926,WMT,2016-12-30,4,3,3,3,4,5,5
925,WMT,2017-01-03,4,3,3,3,4,5,5
924,WMT,2017-01-04,4,3,3,3,4,5,5
923,WMT,2017-01-05,4,3,3,3,4,5,5
922,WMT,2017-01-06,4,3,3,3,4,5,5
921,WMT,2017-01-09,4,3,3,3,4,5,5
920,WMT,2017-01-10,4,3,3,3,4,5,5
919,WMT,2017-01-11,4,3,3,3,4,5,5
918,WMT,2017-01-12,4,3,3,3,4,5,5
917,WMT,2017-01-13,4,3,3,3,4,5,5
916,WMT,2017-01-17,4,3,3,3,4,5,5
915,WMT,2017-01-18,4,3,3,3,4,5,5
914,WMT,2017-01-19,4,3,3,3,4,5,5
913,WMT,2017-01-20,4,3,3,3,4,5,5
912,WMT,2017-01-23,4,3,3,3,4,5,5
911,WMT,2017-01-24,4,3,3,3,4,5,5
910,WMT,2017-01-25,4,3,3,3,4,5,5
909,WMT,2017-01-26,4,3,3,3,4,5,5
908,WMT,2017-01-27,4,3,3,3,4,5,5
907,WMT,2017-01-30,4,3,3,3,4,5,5
906,WMT,2017-01-31,4,3,3,3,4,5,5
905,WMT,2017-02-01,4,4,3,3,4,5,5
904,WMT,2017-02-02,4,4,3,3,4,5,5
903,WMT,2017-02-03,4,4,3,3,4,5,5
902,WMT,2017-02-06,4,4,3,3,4,5,5
901,WMT,2017-02-07,4,4,3,3,4,5,5
900,WMT,2017-02-08,4,4,3,3,4,5,5
899,WMT,2017-02-09,4,4,3,3,4,5,5
898,WMT,2017-02-10,4,4,3,3,4,5,5
897,WMT,2017-02-13,4,4,3,3,4,5,5
896,WMT,2017-02-14,4,4,3,3,4,5,5
895,WMT,2017-02-15,4,4,3,3,4,5,5
894,WMT,2017-02-16,4,4,3,3,4,5,5
893,WMT,2017-02-17,4,4,3,3,4,5,5
892,WMT,2017-02-21,4,4,3,3,4,5,5
891,WMT,2017-02-22,4,4,3,3,4,5,5
890,WMT,2017-02-23,4,4,3,3,4,5,5
889,WMT,2017-02-24,4,4,3,3,4,5,5
888,WMT,2017-02-27,4,4,3,3,4,5,5
887,WMT,2017-02-28,4,4,3,3,4,5,5
886,WMT,2017-03-01,4,4,3,3,4,5,5
885,WMT,2017-03-02,4,4,3,3,4,5,5
884,WMT,2017-03-03,4,4,3,3,4,5,5
883,WMT,2017-03-06,4,4,3,3,4,5,5
882,WMT,2017-03-07,4,4,3,3,4,5,5
881,WMT,2017-03-08,4,4,3,3,4,5,5
880,WMT,2017-03-09,4,4,3,3,4,5,5
879,WMT,2017-03-10,4,4,3,3,4,5,5
878,WMT,2017-03-13,4,4,3,3,4,5,5
877,WMT,2017-03-14,4,4,3,3,4,5,5
876,WMT,2017-03-15,4,4,3,3,4,5,5
875,WMT,2017-03-16,4,4,3,3,4,5,5
874,WMT,2017-03-17,4,4,3,3,4,5,5
873,WMT,2017-03-20,4,4,3,3,4,5,5
872,WMT,2017-03-21,4,4,3,3,4,5,5
871,WMT,2017-03-22,4,4,3,3,4,5,5
870,WMT,2017-03-23,4,4,3,3,4,5,5
869,WMT,2017-03-24,4,4,3,3,4,5,5
868,WMT,2017-03-27,4,4,3,3,4,5,5
867,WMT,2017-03-28,4,4,3,3,4,5,5
866,WMT,2017-03-29,4,4,3,3,4,5,5
865,WMT,2017-03-30,4,4,3,3,4,5,5
864,WMT,2017-03-31,4,4,3,3,4,5,5
863,WMT,2017-04-03,4,4,3,3,4,5,5
862,WMT,2017-04-04,4,4,3,3,4,5,5
861,WMT,2017-04-05,4,4,3,3,4,5,5
860,WMT,2017-04-06,4,4,3,3,4,5,5
859,WMT,2017-04-07,4,4,3,3,4,5,5
858,WMT,2017-04-10,4,4,3,3,4,5,5
857,WMT,2017-04-11,4,4,3,3,4,5,5
856,WMT,2017-04-12,4,4,3,3,4,5,5
855,WMT,2017-04-13,4,4,3,3,4,5,5
854,WMT,2017-04-17,4,4,3,3,4,5,5
853,WMT,2017-04-18,4,4,3,3,4,5,5
852,WMT,2017-04-19,4,4,3,3,4,5,5
851,WMT,2017-04-20,4,4,3,3,4,5,5
850,WMT,2017-04-21,4,4,3,3,4,5,5
849,WMT,2017-04-24,4,4,3,3,4,5,5
848,WMT,2017-04-25,4,4,3,3,4,5,5
847,WMT,2017-04-26,4,4,3,3,4,5,5
846,WMT,2017-04-27,4,4,3,3,4,5,5
845,WMT,2017-04-28,4,4,3,3,4,5,5
844,WMT,2017-05-01,4,3,3,3,4,5,5
843,WMT,2017-05-02,4,3,3,3,4,5,5
842,WMT,2017-05-03,4,3,3,3,4,5,5
841,WMT,2017-05-04,4,3,3,3,4,5,5
840,WMT,2017-05-05,4,3,3,3,4,5,5
839,WMT,2017-05-08,4,3,3,3,4,5,5
838,WMT,2017-05-09,4,3,3,3,4,5,5
837,WMT,2017-05-10,4,3,3,3,4,5,5
836,WMT,2017-05-11,4,3,3,3,4,5,5
835,WMT,2017-05-12,4,3,3,3,4,5,5
834,WMT,2017-05-15,4,3,3,3,4,5,5
833,WMT,2017-05-16,4,3,3,3,4,5,5
832,WMT,2017-05-17,4,3,3,3,4,5,5
831,WMT,2017-05-18,4,3,3,3,4,5,5
830,WMT,2017-05-19,4,3,3,3,4,5,5
829,WMT,2017-05-22,4,3,3,3,4,5,5
828,WMT,2017-05-23,4,3,3,3,4,5,5
827,WMT,2017-05-24,4,3,3,3,4,5,5
826,WMT,2017-05-25,4,3,3,3,4,5,5
825,WMT,2017-05-26,4,3,3,3,4,5,5
824,WMT,2017-05-30,4,3,3,3,4,5,5
823,WMT,2017-05-31,4,3,3,3,4,5,5
822,WMT,2017-06-01,4,3,3,3,4,5,5
821,WMT,2017-06-02,4,3,3,3,4,5,5
820,WMT,2017-06-05,4,3,3,3,4,5,5
819,WMT,2017-06-06,4,3,3,3,4,5,5
818,WMT,2017-06-07,4,3,3,3,4,5,5
817,WMT,2017-06-08,4,3,3,3,4,5,5
816,WMT,2017-06-09,4,3,3,3,4,5,5
815,WMT,2017-06-12,4,3,3,3,4,5,5
814,WMT,2017-06-13,4,3,3,3,4,5,5
813,WMT,2017-06-14,4,3,3,3,4,5,5
812,WMT,2017-06-15,4,3,3,3,4,5,5
811,WMT,2017-06-16,4,3,3,3,4,5,5
810,WMT,2017-06-19,4,3,3,3,4,5,5
809,WMT,2017-06-20,4,3,3,3,4,5,5
808,WMT,2017-06-21,4,3,3,3,4,5,5
807,WMT,2017-06-22,4,3,3,3,4,5,5
806,WMT,2017-06-23,4,3,3,3,4,5,5
805,WMT,2017-06-26,4,3,3,3,4,5,5
804,WMT,2017-06-27,4,3,3,3,4,5,5
803,WMT,2017-06-28,4,3,3,3,4,5,5
802,WMT,2017-06-29,4,3,3,3,4,5,5
801,WMT,2017-06-30,4,3,3,3,4,5,5
800,WMT,2017-07-03,4,3,3,3,4,5,5
799,WMT,2017-07-05,4,3,3,3,4,5,5
798,WMT,2017-07-06,4,3,3,3,4,5,5
797,WMT,2017-07-07,4,3,3,3,4,5,5
796,WMT,2017-07-10,4,3,3,3,4,5,5
795,WMT,2017-07-11,4,3,3,3,4,5,5
794,WMT,2017-07-12,4,3,3,3,4,5,5
793,WMT,2017-07-13,4,3,3,3,4,5,5
792,WMT,2017-07-14,4,3,3,3,4,5,5
791,WMT,2017-07-17,4,3,3,3,4,5,5
790,WMT,2017-07-18,4,3,3,3,4,5,5
789,WMT,2017-07-19,4,3,3,3,4,5,5
788,WMT,2017-07-20,4,3,3,3,4,5,5
787,WMT,2017-07-21,4,3,3,3,4,5,5
786,WMT,2017-07-24,4,3,3,3,4,5,5
785,WMT,2017-07-25,4,3,3,3,4,5,5
784,WMT,2017-07-26,4,3,3,3,4,5,5
783,WMT,2017-07-27,4,3,3,3,4,5,5
782,WMT,2017-07-28,4,3,3,3,4,5,5
781,WMT,2017-07-31,4,3,3,3,4,5,5
780,WMT,2017-08-01,4,3,3,3,4,5,5
779,WMT,2017-08-02,4,3,3,3,4,5,5
778,WMT,2017-08-03,4,3,3,3,4,5,5
777,WMT,2017-08-04,4,3,3,3,4,5,5
776,WMT,2017-08-07,4,3,3,3,4,5,5
775,WMT,2017-08-08,4,3,3,3,4,5,5
774,WMT,2017-08-09,4,3,3,3,4,5,5
773,WMT,2017-08-10,4,3,3,3,4,5,5
772,WMT,2017-08-11,4,3,3,3,4,5,5
771,WMT,2017-08-14,4,3,3,3,4,5,5
770,WMT,2017-08-15,4,3,3,3,4,5,5
769,WMT,2017-08-16,4,3,3,3,4,5,5
768,WMT,2017-08-17,4,3,3,3,4,5,5
767,WMT,2017-08-18,4,3,3,3,4,5,5
766,WMT,2017-08-21,4,3,3,3,4,5,5
765,WMT,2017-08-22,4,3,3,3,4,5,5
764,WMT,2017-08-23,4,3,3,3,4,5,5
763,WMT,2017-08-24,4,3,3,3,4,5,5
762,WMT,2017-08-25,4,3,3,3,4,5,5
761,WMT,2017-08-28,4,3,3,3,4,5,5
760,WMT,2017-08-29,4,3,3,3,4,5,5
759,WMT,2017-08-30,4,3,3,3,4,5,5
758,WMT,2017-08-31,4,3,3,3,4,5,5
757,WMT,2017-09-01,4,3,3,3,4,5,5
756,WMT,2017-09-05,4,3,3,3,4,5,5
755,WMT,2017-09-06,4,3,3,3,4,5,5
754,WMT,2017-09-07,4,3,3,3,4,5,5
753,WMT,2017-09-08,4,3,3,3,4,5,5
752,WMT,2017-09-11,4,3,3,3,4,5,5
751,WMT,2017-09-12,4,3,3,3,4,5,5
750,WMT,2017-09-13,4,3,3,3,4,5,5
749,WMT,2017-09-14,4,3,3,3,4,5,5
748,WMT,2017-09-15,4,3,3,3,4,5,5
747,WMT,2017-09-18,4,3,3,3,4,5,5
746,WMT,2017-09-19,4,3,3,3,4,5,5
745,WMT,2017-09-20,4,3,3,3,4,5,5
744,WMT,2017-09-21,4,3,3,3,4,5,5
743,WMT,2017-09-22,4,3,3,3,4,5,5
742,WMT,2017-09-25,4,3,3,3,4,5,5
741,WMT,2017-09-26,4,3,3,3,4,5,5
740,WMT,2017-09-27,4,3,3,3,4,5,5
739,WMT,2017-09-28,4,3,3,3,4,5,5
738,WMT,2017-09-29,4,3,3,3,4,5,5
737,WMT,2017-10-02,4,3,3,3,4,5,5
736,WMT,2017-10-03,4,3,3,3,4,5,5
735,WMT,2017-10-04,4,3,3,3,4,5,5
734,WMT,2017-10-05,4,3,3,3,4,5,5
733,WMT,2017-10-06,4,3,3,3,4,5,5
732,WMT,2017-10-09,4,3,3,3,4,5,5
731,WMT,2017-10-10,4,3,3,3,4,5,5
730,WMT,2017-10-11,4,3,3,3,4,5,5
729,WMT,2017-10-12,4,3,3,3,4,5,5
728,WMT,2017-10-13,4,3,3,3,4,5,5
727,WMT,2017-10-16,4,3,3,3,4,5,5
726,WMT,2017-10-17,4,3,3,3,4,5,5
725,WMT,2017-10-18,4,3,3,3,4,5,5
724,WMT,2017-10-19,4,3,3,3,4,5,5
723,WMT,2017-10-20,4,3,3,3,4,5,5
722,WMT,2017-10-23,4,3,3,3,4,5,5
721,WMT,2017-10-24,4,3,3,3,4,5,5
720,WMT,2017-10-25,4,3,3,3,4,5,5
719,WMT,2017-10-26,4,3,3,3,4,5,5
718,WMT,2017-10-27,4,3,3,3,4,5,5
717,WMT,2017-10-30,4,3,3,3,4,5,5
716,WMT,2017-10-31,4,3,3,3,4,5,5
715,WMT,2017-11-01,4,3,3,3,4,5,5
714,WMT,2017-11-02,4,3,3,3,4,5,5
713,WMT,2017-11-03,4,3,3,3,4,5,5
712,WMT,2017-11-06,4,3,3,3,4,5,5
711,WMT,2017-11-07,4,3,3,3,4,5,5
710,WMT,2017-11-08,4,3,3,3,4,5,5
709,WMT,2017-11-09,4,3,3,3,4,5,5
708,WMT,2017-11-10,4,3,3,3,4,5,5
707,WMT,2017-11-13,4,3,3,3,4,5,5
706,WMT,2017-11-14,4,3,3,3,4,5,5
705,WMT,2017-11-15,4,3,3,3,4,5,5
704,WMT,2017-11-16,4,3,3,3,4,5,5
703,WMT,2017-11-17,4,3,3,3,4,5,5
702,WMT,2017-11-20,4,3,3,3,4,5,5
701,WMT,2017-11-21,4,3,3,3,4,5,5
700,WMT,2017-11-22,4,3,3,3,4,5,5
699,WMT,2017-11-24,4,3,3,3,4,5,5
698,WMT,2017-11-27,4,3,3,3,4,5,5
697,WMT,2017-11-28,4,3,3,3,4,5,5
696,WMT,2017-11-29,4,3,3,3,4,5,5
695,WMT,2017-11-30,4,3,3,3,4,5,5
694,WMT,2017-12-01,4,3,3,3,4,5,5
693,WMT,2017-12-04,4,3,3,3,4,5,5
692,WMT,2017-12-05,4,3,3,3,4,5,5
691,WMT,2017-12-06,4,3,3,3,4,5,5
690,WMT,2017-12-07,4,3,3,3,4,5,5
689,WMT,2017-12-08,4,3,3,3,4,5,5
688,WMT,2017-12-11,4,3,3,3,4,5,5
687,WMT,2017-12-12,4,3,3,3,4,5,5
686,WMT,2017-12-13,4,3,3,3,4,5,5
685,WMT,2017-12-14,4,3,3,3,4,5,5
684,WMT,2017-12-15,4,3,3,3,4,5,5
683,WMT,2017-12-18,4,3,3,3,4,5,5
682,WMT,2017-12-19,4,3,3,3,4,5,5
681,WMT,2017-12-20,4,3,3,3,4,5,5
680,WMT,2017-12-21,4,3,3,3,4,5,5
679,WMT,2017-12-22,4,3,3,3,4,5,5
678,WMT,2017-12-26,4,3,3,3,4,5,5
677,WMT,2017-12-27,4,3,3,3,4,5,5
676,WMT,2017-12-28,4,3,3,3,4,5,5
675,WMT,2017-12-29,4,3,3,3,4,5,5
674,WMT,2018-01-02,4,3,3,3,4,5,5
673,WMT,2018-01-03,4,3,3,3,4,5,5
672,WMT,2018-01-04,4,3,3,3,4,5,5
671,WMT,2018-01-05,4,3,3,3,4,5,5
670,WMT,2018-01-08,4,3,3,3,4,5,5
669,WMT,2018-01-09,4,3,3,3,4,5,5
668,WMT,2018-01-10,4,3,3,3,4,5,5
667,WMT,2018-01-11,4,3,3,3,4,5,5
666,WMT,2018-01-12,4,3,3,3,4,5,5
665,WMT,2018-01-16,4,3,3,3,4,5,5
664,WMT,2018-01-17,4,3,3,3,4,5,5
663,WMT,2018-01-18,4,3,3,3,4,5,5
662,WMT,2018-01-19,4,3,3,3,4,5,5
661,WMT,2018-01-22,4,3,3,3,4,5,5
660,WMT,2018-01-23,4,3,3,3,4,5,5
659,WMT,2018-01-24,4,3,3,3,4,5,5
658,WMT,2018-01-25,4,3,3,3,4,5,5
657,WMT,2018-01-26,4,3,3,3,4,5,5
656,WMT,2018-01-29,4,3,3,3,4,5,5
655,WMT,2018-01-30,4,3,3,3,4,5,5
654,WMT,2018-01-31,4,3,3,3,4,5,5
653,WMT,2018-02-01,4,3,3,3,4,5,5
652,WMT,2018-02-02,4,3,3,3,4,5,5
651,WMT,2018-02-05,4,3,3,3,4,5,5
650,WMT,2018-02-06,4,3,3,3,4,5,5
649,WMT,2018-02-07,4,3,3,3,4,5,5
648,WMT,2018-02-08,4,3,3,3,4,5,5
647,WMT,2018-02-09,4,3,3,3,4,5,5
646,WMT,2018-02-12,4,3,3,3,4,5,5
645,WMT,2018-02-13,4,3,3,3,4,5,5
644,WMT,2018-02-14,4,3,3,3,4,5,5
643,WMT,2018-02-15,4,3,3,3,4,5,5
642,WMT,2018-02-16,4,3,3,3,4,5,5
641,WMT,2018-02-20,4,3,3,3,4,5,5
640,WMT,2018-02-21,4,3,3,3,4,5,5
639,WMT,2018-02-22,4,3,3,3,4,5,5
638,WMT,2018-02-23,4,3,3,3,4,5,5
637,WMT,2018-02-26,4,3,3,3,4,5,5
636,WMT,2018-02-27,4,3,3,3,4,5,5
635,WMT,2018-02-28,4,3,3,3,4,5,5
634,WMT,2018-03-01,4,3,3,3,4,5,5
633,WMT,2018-03-02,4,3,3,3,4,5,5
632,WMT,2018-03-05,4,3,3,3,4,5,5
631,WMT,2018-03-06,4,3,3,3,4,5,5
630,WMT,2018-03-07,4,3,3,3,4,5,5
629,WMT,2018-03-08,4,3,3,3,4,5,5
628,WMT,2018-03-09,4,3,3,3,4,5,5
627,WMT,2018-03-12,4,3,3,3,4,5,5
626,WMT,2018-03-13,4,3,3,3,4,5,5
625,WMT,2018-03-14,4,3,3,3,4,5,5
624,WMT,2018-03-15,4,3,3,3,4,5,5
623,WMT,2018-03-16,4,3,3,3,4,5,5
622,WMT,2018-03-19,4,3,3,3,4,5,5
621,WMT,2018-03-20,4,3,3,3,4,5,5
620,WMT,2018-03-21,4,3,3,3,4,5,5
619,WMT,2018-03-22,4,3,3,3,4,5,5
618,WMT,2018-03-23,4,3,3,3,4,5,5
617,WMT,2018-03-26,4,3,3,3,4,5,5
616,WMT,2018-03-27,4,3,3,3,4,5,5
615,WMT,2018-03-28,4,3,3,3,4,5,5
614,WMT,2018-03-29,4,3,3,3,4,5,5
613,WMT,2018-04-02,4,3,3,3,4,5,5
612,WMT,2018-04-03,4,3,3,3,4,5,5
611,WMT,2018-04-04,4,3,3,3,4,5,5
610,WMT,2018-04-05,4,3,3,3,4,5,5
609,WMT,2018-04-06,4,3,3,3,4,5,5
608,WMT,2018-04-09,4,3,3,3,4,5,5
607,WMT,2018-04-10,4,3,3,3,4,5,5
606,WMT,2018-04-11,4,3,3,3,4,5,5
605,WMT,2018-04-12,4,3,3,3,4,5,5
604,WMT,2018-04-13,4,3,3,3,4,5,5
603,WMT,2018-04-16,4,3,3,3,4,5,5
602,WMT,2018-04-17,4,3,3,3,4,5,5
601,WMT,2018-04-18,4,3,3,3,4,5,5
600,WMT,2018-04-19,4,3,3,3,4,5,5
599,WMT,2018-04-20,4,3,3,3,4,5,5
598,WMT,2018-04-23,4,3,3,3,4,5,5
597,WMT,2018-04-24,4,3,3,3,4,5,5
596,WMT,2018-04-25,4,3,3,3,4,5,5
595,WMT,2018-04-26,4,3,3,3,4,5,5
594,WMT,2018-04-27,4,3,3,3,4,5,5
593,WMT,2018-04-30,4,3,3,3,4,5,5
592,WMT,2018-05-01,3,3,3,3,4,1,5
591,WMT,2018-05-02,3,3,3,3,4,1,5
590,WMT,2018-05-03,3,3,3,3,4,1,5
589,WMT,2018-05-04,3,3,3,3,4,1,5
588,WMT,2018-05-07,3,3,3,3,4,1,5
587,WMT,2018-05-08,3,3,3,3,4,1,5
586,WMT,2018-05-09,3,3,3,3,4,1,5
585,WMT,2018-05-10,3,3,3,3,4,1,5
584,WMT,2018-05-11,3,3,3,3,4,1,5
583,WMT,2018-05-14,3,3,3,3,4,1,5
582,WMT,2018-05-15,3,3,3,3,4,1,5
581,WMT,2018-05-16,3,3,3,3,4,1,5
580,WMT,2018-05-17,3,3,3,3,4,1,5
579,WMT,2018-05-18,3,3,3,3,4,1,5
578,WMT,2018-05-21,3,3,3,3,4,1,5
577,WMT,2018-05-22,3,3,3,3,4,1,5
576,WMT,2018-05-23,3,3,3,3,4,1,5
575,WMT,2018-05-24,3,3,3,3,4,1,5
574,WMT,2018-05-25,3,3,3,3,4,1,5
573,WMT,2018-05-29,3,3,3,3,4,1,5
572,WMT,2018-05-30,3,3,3,3,4,1,5
571,WMT,2018-05-31,3,3,3,3,4,1,5
570,WMT,2018-06-01,3,3,3,3,4,1,5
569,WMT,2018-06-04,3,3,3,3,4,1,5
568,WMT,2018-06-05,3,3,3,3,4,1,5
567,WMT,2018-06-06,3,3,3,3,4,1,5
566,WMT,2018-06-07,3,3,3,3,4,1,5
565,WMT,2018-06-08,3,3,3,3,4,1,5
564,WMT,2018-06-11,3,3,3,3,4,1,5
563,WMT,2018-06-12,3,3,3,3,4,1,5
562,WMT,2018-06-13,3,3,3,3,4,1,5
561,WMT,2018-06-14,3,3,3,3,4,1,5
560,WMT,2018-06-15,3,3,3,3,4,1,5
559,WMT,2018-06-18,3,3,3,3,4,1,5
558,WMT,2018-06-19,3,3,3,3,4,1,5
557,WMT,2018-06-20,3,3,3,3,4,1,5
556,WMT,2018-06-21,3,3,3,3,4,1,5
555,WMT,2018-06-22,3,3,3,3,4,1,5
554,WMT,2018-06-25,3,3,3,3,4,1,5
553,WMT,2018-06-26,3,3,3,3,4,1,5
552,WMT,2018-06-27,3,3,3,3,4,1,5
551,WMT,2018-06-28,3,3,3,3,4,1,5
550,WMT,2018-06-29,3,3,3,3,4,1,5
549,WMT,2018-07-02,3,3,3,3,4,1,5
548,WMT,2018-07-03,3,3,3,3,4,1,5
547,WMT,2018-07-05,3,3,3,3,4,1,5
546,WMT,2018-07-06,3,3,3,3,4,1,5
545,WMT,2018-07-09,3,3,3,3,4,1,5
544,WMT,2018-07-10,3,3,3,3,4,1,5
543,WMT,2018-07-11,3,3,3,3,4,1,5
542,WMT,2018-07-12,3,3,3,3,4,1,5
541,WMT,2018-07-13,3,3,3,3,4,1,5
540,WMT,2018-07-16,3,3,3,3,4,1,5
539,WMT,2018-07-17,3,3,3,3,4,1,5
538,WMT,2018-07-18,3,3,3,3,4,1,5
537,WMT,2018-07-19,3,3,3,3,4,1,5
536,WMT,2018-07-20,3,3,3,3,4,1,5
535,WMT,2018-07-23,3,3,3,3,4,1,5
534,WMT,2018-07-24,3,3,3,3,4,1,5
533,WMT,2018-07-25,3,3,3,3,4,1,5
532,WMT,2018-07-26,3,3,3,3,4,1,5
531,WMT,2018-07-27,3,3,3,3,4,1,5
530,WMT,2018-07-30,3,3,3,3,4,1,5
529,WMT,2018-07-31,3,3,3,3,4,1,5
528,WMT,2018-08-01,5,4,3,3,5,5,5
527,WMT,2018-08-02,5,4,3,3,5,5,5
526,WMT,2018-08-03,5,4,3,3,5,5,5
525,WMT,2018-08-06,5,4,3,3,5,5,5
524,WMT,2018-08-07,5,4,3,3,5,5,5
523,WMT,2018-08-08,5,4,3,3,5,5,5
522,WMT,2018-08-09,5,4,3,3,5,5,5
521,WMT,2018-08-10,5,4,3,3,5,5,5
520,WMT,2018-08-13,5,4,3,3,5,5,5
519,WMT,2018-08-14,5,4,3,3,5,5,5
518,WMT,2018-08-15,5,4,3,3,5,5,5
517,WMT,2018-08-16,5,4,3,3,5,5,5
516,WMT,2018-08-17,5,4,3,3,5,5,5
515,WMT,2018-08-20,5,4,3,3,5,5,5
514,WMT,2018-08-21,5,4,3,3,5,5,5
513,WMT,2018-08-22,5,4,3,3,5,5,5
512,WMT,2018-08-23,5,4,3,3,5,5,5
511,WMT,2018-08-24,5,4,3,3,5,5,5
510,WMT,2018-08-27,5,4,3,3,5,5,5
509,WMT,2018-08-28,5,4,3,3,5,5,5
508,WMT,2018-08-29,5,4,3,3,5,5,5
507,WMT,2018-08-30,5,4,3,3,5,5,5
506,WMT,2018-08-31,5,4,3,3,5,5,5
505,WMT,2018-09-04,5,4,3,3,5,5,5
504,WMT,2018-09-05,5,4,3,3,5,5,5
503,WMT,2018-09-06,5,4,3,3,5,5,5
502,WMT,2018-09-07,5,4,3,3,5,5,5
501,WMT,2018-09-10,5,4,3,3,5,5,5
500,WMT,2018-09-11,5,4,3,3,5,5,5
499,WMT,2018-09-12,5,4,3,3,5,5,5
498,WMT,2018-09-13,5,4,3,3,5,5,5
497,WMT,2018-09-14,5,4,3,3,5,5,5
496,WMT,2018-09-17,5,4,3,3,5,5,5
495,WMT,2018-09-18,5,4,3,3,5,5,5
494,WMT,2018-09-19,5,4,3,3,5,5,5
493,WMT,2018-09-20,5,4,3,3,5,5,5
492,WMT,2018-09-21,5,4,3,3,5,5,5
491,WMT,2018-09-24,5,4,3,3,5,5,5
490,WMT,2018-09-25,5,4,3,3,5,5,5
489,WMT,2018-09-26,5,4,3,3,5,5,5
488,WMT,2018-09-27,5,4,3,3,5,5,5
487,WMT,2018-09-28,5,4,3,3,5,5,5
486,WMT,2018-10-01,5,4,3,3,5,5,5
485,WMT,2018-10-02,5,4,3,3,5,5,5
484,WMT,2018-10-03,5,4,3,3,5,5,5
483,WMT,2018-10-04,5,4,3,3,5,5,5
482,WMT,2018-10-05,5,4,3,3,5,5,5
481,WMT,2018-10-08,5,4,3,3,5,5,5
480,WMT,2018-10-09,5,4,3,3,5,5,5
479,WMT,2018-10-10,5,4,3,3,5,5,5
478,WMT,2018-10-11,5,4,3,3,5,5,5
477,WMT,2018-10-12,5,4,3,3,5,5,5
476,WMT,2018-10-15,5,4,3,3,5,5,5
475,WMT,2018-10-16,5,4,3,3,5,5,5
474,WMT,2018-10-17,5,4,3,3,5,5,5
473,WMT,2018-10-18,5,4,3,3,5,5,5
472,WMT,2018-10-19,5,4,3,3,5,5,5
471,WMT,2018-10-22,5,4,3,3,5,5,5
470,WMT,2018-10-23,5,4,3,3,5,5,5
469,WMT,2018-10-24,5,4,3,3,5,5,5
468,WMT,2018-10-25,5,4,3,3,5,5,5
467,WMT,2018-10-26,5,4,3,3,5,5,5
466,WMT,2018-10-29,5,4,3,3,5,5,5
465,WMT,2018-10-30,5,4,3,3,5,5,5
464,WMT,2018-10-31,5,4,3,3,5,5,5
463,WMT,2018-11-01,4,3,3,3,5,5,5
462,WMT,2018-11-02,4,3,3,3,5,5,5
461,WMT,2018-11-05,4,3,3,3,5,5,5
460,WMT,2018-11-06,4,3,3,3,5,5,5
459,WMT,2018-11-07,4,3,3,3,5,5,5
458,WMT,2018-11-08,4,3,3,3,5,5,5
457,WMT,2018-11-09,4,3,3,3,5,5,5
456,WMT,2018-11-12,4,3,3,3,5,5,5
455,WMT,2018-11-13,4,3,3,3,5,5,5
454,WMT,2018-11-14,4,3,3,3,5,5,5
453,WMT,2018-11-15,4,3,3,3,5,5,5
452,WMT,2018-11-16,4,3,3,3,5,5,5
451,WMT,2018-11-19,4,3,3,3,5,5,5
450,WMT,2018-11-20,4,3,3,3,5,5,5
449,WMT,2018-11-21,4,3,3,3,5,5,5
448,WMT,2018-11-23,4,3,3,3,5,5,5
447,WMT,2018-11-26,4,3,3,3,5,5,5
446,WMT,2018-11-27,4,3,3,3,5,5,5
445,WMT,2018-11-28,4,3,3,3,5,5,5
444,WMT,2018-11-29,4,3,3,3,5,5,5
443,WMT,2018-11-30,4,3,3,3,5,5,5
442,WMT,2018-12-03,4,3,3,3,5,5,5
441,WMT,2018-12-04,4,3,3,3,5,5,5
440,WMT,2018-12-06,4,3,3,3,5,5,5
439,WMT,2018-12-07,4,3,3,3,5,5,5
438,WMT,2018-12-10,4,3,3,3,5,5,5
437,WMT,2018-12-11,4,3,3,3,5,5,5
436,WMT,2018-12-12,4,3,3,3,5,5,5
435,WMT,2018-12-13,4,3,3,3,5,5,5
434,WMT,2018-12-14,4,3,3,3,5,5,5
433,WMT,2018-12-17,4,3,3,3,5,5,5
432,WMT,2018-12-18,4,3,3,3,5,5,5
431,WMT,2018-12-19,4,3,3,3,5,5,5
430,WMT,2018-12-20,4,3,3,3,5,5,5
429,WMT,2018-12-21,4,3,3,3,5,5,5
428,WMT,2018-12-24,4,3,3,3,5,5,5
427,WMT,2018-12-26,4,3,3,3,5,5,5
426,WMT,2018-12-27,4,3,3,3,5,5,5
425,WMT,2018-12-28,4,3,3,3,5,5,5
424,WMT,2018-12-31,4,3,3,3,5,5,5
423,WMT,2019-01-02,4,3,3,3,5,5,5
422,WMT,2019-01-03,4,3,3,3,5,5,5
421,WMT,2019-01-04,4,3,3,3,5,5,5
420,WMT,2019-01-07,4,3,3,3,5,5,5
419,WMT,2019-01-08,4,3,3,3,5,5,5
418,WMT,2019-01-09,4,3,3,3,5,5,5
417,WMT,2019-01-10,4,3,3,3,5,5,5
416,WMT,2019-01-11,4,3,3,3,5,5,5
415,WMT,2019-01-14,4,3,3,3,5,5,5
414,WMT,2019-01-15,4,3,3,3,5,5,5
413,WMT,2019-01-16,4,3,3,3,5,5,5
412,WMT,2019-01-17,4,3,3,3,5,5,5
411,WMT,2019-01-18,4,3,3,3,5,5,5
410,WMT,2019-01-22,4,3,3,3,5,5,5
409,WMT,2019-01-23,4,3,3,3,5,5,5
408,WMT,2019-01-24,4,3,3,3,5,5,5
407,WMT,2019-01-25,4,3,3,3,5,5,5
406,WMT,2019-01-28,4,3,3,3,5,5,5
405,WMT,2019-01-29,4,3,3,3,5,5,5
404,WMT,2019-01-30,4,3,3,3,5,5,5
403,WMT,2019-01-31,4,3,3,3,5,5,5
402,WMT,2019-02-01,4,3,3,3,5,5,5
401,WMT,2019-02-04,4,3,3,3,5,5,5
400,WMT,2019-02-05,4,3,3,3,5,5,5
399,WMT,2019-02-06,4,3,3,3,5,5,5
398,WMT,2019-02-07,4,3,3,3,5,5,5
397,WMT,2019-02-08,4,3,3,3,5,5,5
396,WMT,2019-02-11,4,3,3,3,5,5,5
395,WMT,2019-02-12,4,3,3,3,5,5,5
394,WMT,2019-02-13,4,3,3,3,5,5,5
393,WMT,2019-02-14,4,3,3,3,5,5,5
392,WMT,2019-02-15,4,3,3,3,5,5,5
391,WMT,2019-02-19,4,3,3,3,5,5,5
390,WMT,2019-02-20,4,3,3,3,5,5,5
389,WMT,2019-02-21,4,3,3,3,5,5,5
388,WMT,2019-02-22,4,3,3,3,5,5,5
387,WMT,2019-02-25,4,3,3,3,5,5,5
386,WMT,2019-02-26,4,3,3,3,5,5,5
385,WMT,2019-02-27,4,3,3,3,5,5,5
384,WMT,2019-02-28,4,3,3,3,5,5,5
383,WMT,2019-03-01,4,3,3,3,5,5,5
382,WMT,2019-03-04,4,3,3,3,5,5,5
381,WMT,2019-03-05,4,3,3,3,5,5,5
380,WMT,2019-03-06,4,3,3,3,5,5,5
379,WMT,2019-03-07,4,3,3,3,5,5,5
378,WMT,2019-03-08,4,3,3,3,5,5,5
377,WMT,2019-03-11,4,3,3,3,5,5,5
376,WMT,2019-03-12,4,3,3,3,5,5,5
375,WMT,2019-03-13,4,3,3,3,5,5,5
374,WMT,2019-03-14,4,3,3,3,5,5,5
373,WMT,2019-03-15,4,3,3,3,5,5,5
372,WMT,2019-03-18,4,3,3,3,5,5,5
371,WMT,2019-03-19,4,3,3,3,5,5,5
370,WMT,2019-03-20,4,3,3,3,5,5,5
369,WMT,2019-03-21,4,3,3,3,5,5,5
368,WMT,2019-03-22,4,3,3,3,5,5,5
367,WMT,2019-03-25,4,3,3,3,5,5,5
366,WMT,2019-03-26,4,3,3,3,5,5,5
365,WMT,2019-03-27,4,3,3,3,5,5,5
364,WMT,2019-03-28,4,3,3,3,5,5,5
363,WMT,2019-03-29,4,3,3,3,5,5,5
362,WMT,2019-04-01,4,3,3,3,5,5,5
361,WMT,2019-04-02,4,3,3,3,5,5,5
360,WMT,2019-04-03,4,3,3,3,5,5,5
359,WMT,2019-04-04,4,3,3,3,5,5,5
358,WMT,2019-04-05,4,3,3,3,5,5,5
357,WMT,2019-04-08,4,3,3,3,5,5,5
356,WMT,2019-04-09,4,3,3,3,5,5,5
355,WMT,2019-04-10,4,3,3,3,5,5,5
354,WMT,2019-04-11,4,3,3,3,5,5,5
353,WMT,2019-04-12,4,3,3,3,5,5,5
352,WMT,2019-04-15,4,3,3,3,5,5,5
351,WMT,2019-04-16,4,3,3,3,5,5,5
350,WMT,2019-04-17,4,3,3,3,5,5,5
349,WMT,2019-04-18,4,3,3,3,5,5,5
348,WMT,2019-04-22,4,3,3,3,5,5,5
347,WMT,2019-04-23,4,3,3,3,5,5,5
346,WMT,2019-04-24,4,3,3,3,5,5,5
345,WMT,2019-04-25,4,3,3,3,5,5,5
344,WMT,2019-04-26,4,3,3,3,5,5,5
343,WMT,2019-04-29,4,3,3,3,5,5,5
342,WMT,2019-04-30,4,3,3,3,5,5,5
341,WMT,2019-05-01,4,3,3,3,5,5,5
340,WMT,2019-05-02,4,3,3,3,5,5,5
339,WMT,2019-05-03,4,3,3,3,5,5,5
338,WMT,2019-05-06,4,3,3,3,5,5,5
337,WMT,2019-05-07,4,3,3,3,5,5,5
336,WMT,2019-05-08,4,3,3,3,5,5,5
335,WMT,2019-05-09,4,3,3,3,5,5,5
334,WMT,2019-05-10,4,3,3,3,5,5,5
333,WMT,2019-05-13,4,3,3,3,5,5,5
332,WMT,2019-05-14,4,3,3,3,5,5,5
331,WMT,2019-05-15,4,3,3,3,5,5,5
330,WMT,2019-05-16,4,3,3,3,5,5,5
329,WMT,2019-05-17,4,3,3,3,5,5,5
328,WMT,2019-05-20,4,3,3,3,5,5,5
327,WMT,2019-05-21,4,3,3,3,5,5,5
326,WMT,2019-05-22,4,3,3,3,5,5,5
325,WMT,2019-05-23,4,3,3,3,5,5,5
324,WMT,2019-05-24,4,3,3,3,5,5,5
323,WMT,2019-05-28,4,3,3,3,5,5,5
322,WMT,2019-05-29,4,3,3,3,5,5,5
321,WMT,2019-05-30,4,3,3,3,5,5,5
320,WMT,2019-05-31,4,3,3,3,5,5,5
319,WMT,2019-06-03,4,3,3,3,5,5,5
318,WMT,2019-06-04,4,3,3,3,5,5,5
317,WMT,2019-06-05,4,3,3,3,5,5,5
316,WMT,2019-06-06,4,3,3,3,5,5,5
315,WMT,2019-06-07,4,3,3,3,5,5,5
314,WMT,2019-06-10,4,3,3,3,5,5,5
313,WMT,2019-06-11,4,3,3,3,5,5,5
312,WMT,2019-06-12,4,3,3,3,5,5,5
311,WMT,2019-06-13,4,3,3,3,5,5,5
310,WMT,2019-06-14,4,3,3,3,5,5,5
309,WMT,2019-06-17,4,3,3,3,5,5,5
308,WMT,2019-06-18,4,3,3,3,5,5,5
307,WMT,2019-06-19,4,3,3,3,5,5,5
306,WMT,2019-06-20,4,3,3,3,5,5,5
305,WMT,2019-06-21,4,3,3,3,5,5,5
304,WMT,2019-06-24,4,3,3,3,5,5,5
303,WMT,2019-06-25,4,3,3,3,5,5,5
302,WMT,2019-06-26,4,3,3,3,5,5,5
301,WMT,2019-06-27,4,3,3,3,5,5,5
300,WMT,2019-06-28,4,3,3,3,5,5,5
299,WMT,2019-07-01,4,3,3,3,5,5,5
298,WMT,2019-07-02,4,3,3,3,5,5,5
297,WMT,2019-07-03,4,3,3,3,5,5,5
296,WMT,2019-07-05,4,3,3,3,5,5,5
295,WMT,2019-07-08,4,3,3,3,5,5,5
294,WMT,2019-07-09,4,3,3,3,5,5,5
293,WMT,2019-07-10,4,3,3,3,5,5,5
292,WMT,2019-07-11,4,3,3,3,5,5,5
291,WMT,2019-07-12,4,3,3,3,5,5,5
290,WMT,2019-07-15,4,3,3,3,5,5,5
289,WMT,2019-07-16,4,3,3,3,5,5,5
288,WMT,2019-07-17,4,3,3,3,5,5,5
287,WMT,2019-07-18,4,3,3,3,5,5,5
286,WMT,2019-07-19,4,3,3,3,5,5,5
285,WMT,2019-07-22,4,3,3,3,5,5,5
284,WMT,2019-07-23,4,3,3,3,5,5,5
283,WMT,2019-07-24,4,3,3,3,5,5,5
282,WMT,2019-07-25,4,3,3,3,5,5,5
281,WMT,2019-07-26,4,3,3,3,5,5,5
280,WMT,2019-07-29,4,3,3,3,5,5,5
279,WMT,2019-07-30,4,3,3,3,5,5,5
278,WMT,2019-07-31,4,3,3,3,5,5,5
277,WMT,2019-08-01,4,3,3,3,5,5,5
276,WMT,2019-08-02,4,3,3,3,5,5,5
275,WMT,2019-08-05,4,3,3,3,5,5,5
274,WMT,2019-08-06,4,3,3,3,5,5,5
273,WMT,2019-08-07,4,3,3,3,5,5,5
272,WMT,2019-08-08,4,3,3,3,5,5,5
271,WMT,2019-08-09,4,3,3,3,5,5,5
270,WMT,2019-08-12,4,3,3,3,5,5,5
269,WMT,2019-08-13,4,3,3,3,5,5,5
268,WMT,2019-08-14,4,3,3,3,5,5,5
267,WMT,2019-08-15,4,3,3,3,5,5,5
266,WMT,2019-08-16,4,3,3,3,5,5,5
265,WMT,2019-08-19,4,3,3,3,5,5,5
264,WMT,2019-08-20,4,3,3,3,5,5,5
263,WMT,2019-08-21,4,3,3,3,5,5,5
262,WMT,2019-08-22,4,3,3,3,5,5,5
261,WMT,2019-08-23,4,3,3,3,5,5,5
260,WMT,2019-08-26,4,3,3,3,5,5,5
259,WMT,2019-08-27,4,3,3,3,5,5,5
258,WMT,2019-08-28,4,3,3,3,5,5,5
257,WMT,2019-08-29,4,3,3,3,5,5,5
256,WMT,2019-08-30,4,3,3,3,5,5,5
255,WMT,2019-09-03,4,3,3,3,5,5,5
254,WMT,2019-09-04,4,3,3,3,5,5,5
253,WMT,2019-09-05,4,3,3,3,5,5,5
252,WMT,2019-09-06,4,3,3,3,5,5,5
251,WMT,2019-09-09,4,3,3,3,5,5,5
250,WMT,2019-09-10,4,3,3,3,5,5,5
249,WMT,2019-09-11,4,3,3,3,5,5,5
248,WMT,2019-09-12,4,3,3,3,5,5,5
247,WMT,2019-09-13,4,3,3,3,5,5,5
246,WMT,2019-09-16,4,3,3,3,5,5,5
245,WMT,2019-09-17,4,3,3,3,5,5,5
244,WMT,2019-09-18,4,3,3,3,5,5,5
243,WMT,2019-09-19,4,3,3,3,5,5,5
242,WMT,2019-09-20,4,3,3,3,5,5,5
241,WMT,2019-09-23,4,3,3,3,5,5,5
240,WMT,2019-09-24,4,3,3,3,5,5,5
239,WMT,2019-09-25,4,3,3,3,5,5,5
238,WMT,2019-09-26,4,3,3,3,5,5,5
237,WMT,2019-09-27,4,3,3,3,5,5,5
236,WMT,2019-09-30,4,3,3,3,5,5,5
235,WMT,2019-10-01,4,3,3,3,5,5,5
234,WMT,2019-10-02,4,3,3,3,5,5,5
233,WMT,2019-10-03,4,3,3,3,5,5,5
232,WMT,2019-10-04,4,3,3,3,5,5,5
231,WMT,2019-10-07,4,3,3,3,5,5,5
230,WMT,2019-10-08,4,3,3,3,5,5,5
229,WMT,2019-10-09,4,3,3,3,5,5,5
228,WMT,2019-10-10,4,3,3,3,5,5,5
227,WMT,2019-10-11,4,3,3,3,5,5,5
226,WMT,2019-10-14,4,3,3,3,5,5,5
225,WMT,2019-10-15,4,3,3,3,5,5,5
224,WMT,2019-10-16,4,3,3,3,5,5,5
223,WMT,2019-10-17,4,3,3,3,5,5,5
222,WMT,2019-10-18,4,3,3,3,5,5,5
221,WMT,2019-10-21,4,3,3,3,5,5,5
220,WMT,2019-10-22,4,3,3,3,5,5,5
219,WMT,2019-10-23,4,3,3,3,5,5,5
218,WMT,2019-10-24,4,3,3,3,5,5,5
217,WMT,2019-10-25,4,3,3,3,5,5,5
216,WMT,2019-10-28,4,3,3,3,5,5,5
215,WMT,2019-10-29,4,3,3,3,5,5,5
214,WMT,2019-10-30,4,3,3,3,5,5,5
213,WMT,2019-10-31,4,3,3,3,5,5,5
212,WMT,2020-01-31,4,3,3,3,5,5,5
211,WMT,2020-02-03,4,3,3,3,5,5,5
210,WMT,2020-02-04,4,3,3,3,5,5,5
209,WMT,2020-02-05,4,3,3,3,5,5,5
208,WMT,2020-02-06,4,3,3,3,5,5,5
207,WMT,2020-02-07,4,3,3,3,5,5,5
206,WMT,2020-02-10,4,3,3,3,5,5,5
205,WMT,2020-02-11,4,3,3,3,5,5,5
204,WMT,2020-02-12,4,3,3,3,5,5,5
203,WMT,2020-02-13,4,3,3,3,5,5,5
202,WMT,2020-02-14,4,3,3,3,5,5,5
201,WMT,2020-02-18,4,3,3,3,5,5,5
200,WMT,2020-02-19,4,3,3,3,5,5,5
199,WMT,2020-02-20,4,3,3,3,5,5,5
198,WMT,2020-02-21,4,3,3,3,5,5,5
197,WMT,2020-02-24,4,3,3,3,5,5,5
196,WMT,2020-02-25,4,3,3,3,5,5,5
195,WMT,2020-02-26,4,3,3,3,5,5,5
194,WMT,2020-02-27,4,3,3,3,5,5,5
193,WMT,2020-02-28,4,3,3,3,5,5,5
192,WMT,2020-03-02,4,3,3,3,5,5,5
191,WMT,2020-03-03,4,3,3,3,5,5,5
190,WMT,2020-03-04,4,3,3,3,5,5,5
189,WMT,2020-03-05,4,3,3,3,5,5,5
188,WMT,2020-03-06,4,3,3,3,5,5,5
187,WMT,2020-03-09,4,3,3,3,5,5,5
186,WMT,2020-03-10,4,3,3,3,5,5,5
185,WMT,2020-03-11,4,3,3,3,5,5,5
184,WMT,2020-03-12,4,3,3,3,5,5,5
183,WMT,2020-03-13,4,3,3,3,5,5,5
182,WMT,2020-03-16,4,3,3,3,5,5,5
181,WMT,2020-03-17,4,3,3,3,5,5,5
180,WMT,2020-03-18,4,3,3,3,5,5,5
179,WMT,2020-03-19,4,3,3,3,5,5,5
178,WMT,2020-03-20,4,3,3,3,5,5,5
177,WMT,2020-03-23,4,3,3,3,5,5,5
176,WMT,2020-03-24,4,3,3,3,5,5,5
175,WMT,2020-03-25,4,3,3,3,5,5,5
174,WMT,2020-03-26,4,3,3,3,5,5,5
173,WMT,2020-03-27,4,3,3,3,5,5,5
172,WMT,2020-03-30,4,3,3,3,5,5,5
171,WMT,2020-03-31,4,3,3,3,5,5,5
170,WMT,2020-04-01,4,3,3,3,5,5,5
169,WMT,2020-04-02,4,3,3,3,5,5,5
168,WMT,2020-04-03,5,5,3,3,5,5,5
167,WMT,2020-04-06,5,5,3,3,5,5,5
166,WMT,2020-04-07,5,5,3,3,5,5,5
165,WMT,2020-04-08,5,5,3,3,5,5,5
164,WMT,2020-04-09,5,5,3,3,5,5,5
163,WMT,2020-04-13,5,5,3,3,5,5,5
162,WMT,2020-04-14,5,5,3,3,5,5,5
161,WMT,2020-04-15,5,5,3,3,5,5,5
160,WMT,2020-04-16,5,5,3,3,5,5,5
159,WMT,2020-04-17,5,5,3,3,5,5,5
158,WMT,2020-04-20,5,5,3,3,5,5,5
157,WMT,2020-04-21,5,5,3,3,5,5,5
156,WMT,2020-04-22,5,5,3,3,5,5,5
155,WMT,2020-04-23,5,5,3,3,5,5,5
154,WMT,2020-04-24,5,5,3,3,5,5,5
153,WMT,2020-06-10,5,5,3,3,5,5,5
152,WMT,2020-06-15,5,5,3,3,5,5,5
151,WMT,2020-06-16,5,5,3,3,5,5,5
150,WMT,2020-06-17,5,5,3,3,5,5,5
149,WMT,2020-06-18,5,5,3,3,5,5,5
148,WMT,2020-06-19,5,5,3,3,5,5,5
147,WMT,2020-06-22,5,5,3,3,5,5,5
146,WMT,2020-06-23,5,5,3,3,5,5,5
145,WMT,2020-06-24,5,5,3,3,5,5,5
144,WMT,2020-06-25,5,5,3,3,5,5,5
143,WMT,2020-06-26,5,5,3,3,5,5,5
142,WMT,2020-06-29,5,5,3,3,5,5,5
141,WMT,2020-06-30,5,5,3,3,5,5,5
140,WMT,2020-07-01,5,5,3,3,5,5,5
139,WMT,2020-07-02,5,5,3,3,5,5,5
138,WMT,2020-07-06,5,5,3,3,5,5,5
137,WMT,2020-07-07,5,5,3,3,5,5,5
136,WMT,2020-07-08,5,5,3,3,5,5,5
135,WMT,2020-07-09,5,5,3,3,5,5,5
134,WMT,2020-07-10,5,5,3,3,5,5,5
133,WMT,2020-07-13,5,5,3,3,5,5,5
132,WMT,2020-07-14,5,5,3,3,5,5,5
131,WMT,2020-07-15,5,5,3,3,5,5,5
130,WMT,2020-07-16,5,5,3,3,5,5,5
129,WMT,2020-07-17,5,5,3,3,5,5,5
128,WMT,2020-07-20,5,5,3,3,5,5,5
127,WMT,2020-07-21,5,5,3,3,5,5,5
126,WMT,2020-07-22,5,5,3,3,5,5,5
125,WMT,2020-07-23,5,5,3,3,5,5,5
124,WMT,2020-07-24,5,5,3,3,5,5,5
123,WMT,2020-07-27,5,5,3,3,5,5,5
122,WMT,2020-07-28,5,5,3,3,5,5,5
121,WMT,2020-07-29,5,5,3,3,5,5,5
120,WMT,2020-07-30,5,5,3,3,5,5,5
119,WMT,2020-07-31,5,5,3,3,5,5,5
118,WMT,2020-08-03,5,5,3,3,5,5,5
117,WMT,2020-08-04,5,5,3,3,5,5,5
116,WMT,2020-08-05,5,5,3,3,5,5,5
115,WMT,2020-08-06,5,5,3,3,5,5,5
114,WMT,2020-08-07,5,5,3,3,5,5,5
113,WMT,2020-08-10,5,5,3,3,5,5,5
112,WMT,2020-08-11,5,5,3,3,5,5,5
111,WMT,2020-08-12,5,5,3,3,5,5,5
110,WMT,2020-08-13,5,5,3,3,5,5,5
109,WMT,2020-08-14,5,5,3,3,5,5,5
108,WMT,2020-08-17,5,5,3,3,5,5,5
107,WMT,2020-08-18,5,5,3,3,5,5,5
106,WMT,2020-08-19,5,5,3,3,5,5,5
105,WMT,2020-08-20,5,5,3,3,5,5,5
104,WMT,2020-08-21,5,5,3,3,5,5,5
103,WMT,2020-08-24,5,5,3,3,5,5,5
102,WMT,2020-08-25,5,5,3,3,5,5,5
101,WMT,2020-08-26,5,5,3,3,5,5,5
100,WMT,2020-08-27,5,5,3,3,5,5,5
99,WMT,2020-08-28,5,5,3,3,5,5,5
98,WMT,2020-08-31,5,5,3,3,5,5,5
97,WMT,2020-09-01,5,5,3,3,5,5,5
96,WMT,2020-09-02,5,5,3,3,5,5,5
95,WMT,2020-09-03,5,5,3,3,5,5,5
94,WMT,2020-09-04,5,5,3,3,5,5,5
93,WMT,2020-09-08,5,5,3,3,5,5,5
92,WMT,2020-09-09,5,5,3,3,5,5,5
91,WMT,2020-09-10,5,5,3,3,5,5,5
90,WMT,2020-09-11,5,5,3,3,5,5,5
89,WMT,2020-09-14,5,5,3,3,5,5,5
88,WMT,2020-09-15,5,5,3,3,5,5,5
87,WMT,2020-09-16,5,5,3,3,5,5,5
86,WMT,2020-09-17,5,5,3,3,5,5,5
85,WMT,2020-09-18,5,5,3,3,5,5,5
84,WMT,2020-09-21,5,5,3,3,5,5,5
83,WMT,2020-09-22,5,5,3,3,5,5,5
82,WMT,2020-09-23,5,5,3,3,5,5,5
81,WMT,2020-09-24,5,5,3,3,5,5,5
80,WMT,2020-09-25,5,5,3,3,5,5,5
79,WMT,2020-09-28,5,5,3,3,5,5,5
78,WMT,2020-09-29,5,5,3,3,5,5,5
77,WMT,2020-09-30,5,5,3,3,5,5,5
76,WMT,2020-10-01,5,5,3,3,5,5,5
75,WMT,2020-10-02,5,5,3,3,5,5,5
74,WMT,2020-10-05,5,5,3,3,5,5,5
73,WMT,2020-10-06,5,5,3,3,5,5,5
72,WMT,2020-10-07,5,5,3,3,5,5,5
71,WMT,2020-10-08,5,5,3,3,5,5,5
70,WMT,2020-10-09,5,5,3,3,5,5,5
69,WMT,2020-10-12,5,5,3,3,5,5,5
68,WMT,2020-10-13,5,5,3,3,5,5,5
67,WMT,2020-10-14,5,5,3,3,5,5,5
66,WMT,2020-10-15,5,5,3,3,5,5,5
65,WMT,2020-10-16,5,5,3,3,5,5,5
64,WMT,2020-10-19,5,5,3,3,5,5,5
63,WMT,2020-10-20,5,5,3,3,5,5,5
62,WMT,2020-10-21,5,5,3,3,5,5,5
61,WMT,2020-10-22,5,5,3,3,5,5,5
60,WMT,2020-10-23,5,5,3,3,5,5,5
59,WMT,2020-10-26,5,5,3,3,5,5,5
58,WMT,2020-10-27,5,5,3,3,5,5,5
57,WMT,2020-10-28,5,5,3,3,5,5,5
56,WMT,2020-10-29,5,5,3,3,5,5,5
55,WMT,2020-10-30,5,5,3,3,5,5,5
54,WMT,2020-11-02,5,5,3,3,5,5,5
53,WMT,2020-11-03,5,5,3,3,5,5,5
52,WMT,2020-11-04,5,5,3,3,5,5,5
51,WMT,2020-11-05,5,5,3,3,5,5,5
50,WMT,2020-11-06,5,5,3,3,5,5,5
49,WMT,2020-11-09,5,5,3,3,5,5,5
48,WMT,2020-11-10,5,5,3,3,5,5,5
47,WMT,2020-11-11,5,5,3,3,5,5,5
46,WMT,2020-11-12,5,5,3,3,5,5,5
45,WMT,2020-11-13,5,5,3,3,5,5,5
44,WMT,2020-11-16,5,5,3,3,5,5,5
43,WMT,2020-11-17,5,5,3,3,5,5,5
42,WMT,2020-11-18,5,5,3,3,5,5,5
41,WMT,2020-11-19,5,5,3,3,5,5,5
40,WMT,2020-11-20,5,5,3,3,5,5,5
39,WMT,2020-11-23,5,5,3,3,5,5,5
38,WMT,2020-11-24,5,5,3,3,5,5,5
37,WMT,2020-11-25,5,5,3,3,5,5,5
36,WMT,2020-11-27,5,5,3,3,5,5,5
35,WMT,2020-11-30,5,5,3,3,5,5,5
34,WMT,2020-12-01,5,5,3,3,5,5,5
33,WMT,2021-01-22,5,5,3,3,5,5,5
32,WMT,2021-01-25,5,5,3,3,5,5,5
31,WMT,2021-01-26,5,5,3,3,5,5,5
30,WMT,2021-01-27,5,5,3,3,5,5,5
29,WMT,2021-01-28,5,5,3,3,5,5,5
28,WMT,2021-01-29,5,5,3,3,5,5,5
27,WMT,2021-02-01,5,5,3,3,5,5,5
26,WMT,2021-02-02,5,5,3,3,5,5,5
25,WMT,2021-02-03,5,5,3,3,5,5,5
24,WMT,2021-02-04,5,5,3,3,5,5,5
23,WMT,2021-02-05,5,5,3,3,5,5,5
22,WMT,2021-02-17,5,5,3,3,5,5,5
21,WMT,2021-02-18,5,5,3,3,5,5,5
20,WMT,2021-02-19,5,5,3,3,5,5,5
19,WMT,2021-02-22,5,5,3,3,5,5,5
18,WMT,2021-02-23,5,5,3,3,5,5,5
17,WMT,2021-02-24,5,5,3,3,5,5,5
16,WMT,2021-02-25,5,5,3,3,5,5,5
15,WMT,2021-02-26,5,5,3,3,5,5,5
14,WMT,2021-03-01,5,5,3,3,5,5,5
13,WMT,2021-03-02,5,5,3,3,5,5,5
12,WMT,2021-03-03,5,5,3,3,5,5,5
11,WMT,2021-03-04,5,5,3,3,5,5,5
10,WMT,2021-03-05,5,5,3,3,5,5,5
9,WMT,2021-03-08,5,5,3,3,5,5,5
8,WMT,2021-03-09,5,5,3,3,5,5,5
7,WMT,2021-03-10,5,5,3,3,5,5,5
6,WMT,2021-03-11,5,5,3,3,5,5,5
5,WMT,2021-03-12,5,5,3,3,5,5,5
4,WMT,2021-03-15,5,5,3,3,5,5,5
3,WMT,2021-03-16,5,5,3,3,5,5,5
2,WMT,2021-03-17,5,5,3,3,5,5,5
1,WMT,2021-03-18,5,5,3,3,5,5,5
0,WMT,2021-03-26,4,5,3,3,5,1,5
